图录号(ABCD),禁止出关(BCD),中文作者(AB),中文名称(ABCD),中文作者2（B),中文名称2（B）,中文年代(ABC),中文材质(AB),中文签名(A),题识钤印(AB),中文出版(ABC),中文展览(ABC),中文来源(AB),中文描述(ABCD),中文纪录（BC),中文著录（B),中文款识（C),中文收藏（C),中文参阅 C,英文作者(AB),英文名称(ABCD),英文年代(ABC),英文材质(AB),英文签名(AB),英文出版(AC),英文展览(AC),英文来源(AC),英文参阅（C),尺寸(ABC),估价(ABCD)
2501,*,,大龙薄纸邮票5分银,,,,,,,,,,★1878年大龙薄纸邮票5分银一枚，局部泛黄，贴纸，中上品,,,,,,,"1878 Large Dragon Issue with Thin Paper 5ca, LH, F-VF",,,,,,,,,
2502,*,,大龙薄纸邮票三枚全,,,,,,,,,,○1878年大龙薄纸邮票三枚全，5分银背面局部揭薄，分别销天津等地海关中文地名戳、海关日戳，中上品,,,,,,,"1878 Large Dragon Issue with Thin Paper, Complete set of 3 pcs., Cancelled by Chops of Chinese Customs Names and Customs Datemarks, VF-F",,,,,,,,,"3,500-5,000"
2503,*,,大龙厚纸毛齿邮票5分银,,,,,,,,,,○1883年大龙厚纸毛齿邮票5分银一枚，销北京海关中文地名戳，贴纸，上中品,,,,,,,"1883 Large Dragon Issue with Thick Paper and Coarse Perforation 5ca, Cancelled by Chops of Peking Customs Chinese Name, LH, VF-F",,,,,,,,,
2504,*,,小龙光齿邮票三枚全,,,,,,,,,,★1888年小龙光齿邮票三枚全，贴纸，上中品,,,,,,,"1888 Small Dragon Issues wtih Smooth Perforation, Complete set of 3 pcs., LH, VF-F",,,,,,,,,
2505,*,,小龙邮票三枚全,,,,,,,,,,★1885-1888年小龙邮票三枚全，贴纸，上中品,,,,,,,"1885-1888 Small Dragon Issues, Complete Set of 3 pcs., LH, VF-F",,,,,,,,,"800-1,200"
2506,*,,小龙光齿邮票三枚全四方连,,,,,,,,,,★★1888年小龙光齿邮票三枚全四方连，均带边纸，原胶未贴，上中品,,,,,,,"1888 Small Dragon Issues wtih Smooth Perforation 3 Complete, Block of 4, with Margins, OG, UH, VF-F",,,,,,,,,"6,000-8,000"
2507,*,,小龙光齿邮票1分银2枚,,,,,,,,,,○1888年小龙光齿邮票1分银二枚，左上角均有一道斜向破版，少见，分别销海关中文地名戳与邮政日戳，贴纸，上中品,,,,,,,"1888 Small Dragon Issues wtih Smooth Perforation 1ca¡Á2, Cancelled by Chops of Chinese Customs Names, LH, VF-",,,,,,,,,
2508,*,,小龙邮票1分银5枚,,,,,,,,,,★1885-1888年小龙邮票1分银五枚，包括毛齿二枚、光齿三枚，刷色各异，贴纸或轻贴，整体上中品,,,,,,,"1885-1888 Small Dragon Issues 1ca wtih Coarse Perforation and Smooth Perforation, Total 5 pcs., LH, VF-F",,,,,,,,,
2509,*,,清代邮票4枚,,,,,,,,,,★○清代邮票一组四枚，包括：（1）1885年小龙毛齿邮票3分银一枚，销海关中文地名戳；（2）1888年小龙光齿邮票3分银一枚，销海关日戳；（3）1897年慈禧寿辰纪念初版小字改值邮票半分/3分银一枚；（4）1897年红印花加盖暂作邮票大字2分一枚，销海关英文日戳，底部剪齿，整体上中品,,,,,,,"1885-1897 Small Dragon Issues wtih Coarse Perforation and Smooth Perforation, Red Revenue Stamp Surcharged for Postal Use Large Characters 2c, Cancelled by Chops; 1st Print Empress Dowager Cixi’s Birthday Commemorative Issue Surcharged in Small Characters 0.5c/3ca, Total 4 pcs., VF-F",,,,,,,,,
2510,*,,慈禧寿辰纪念大型黑色样票九枚全,,,,,,,,,,PR 1894年慈禧寿辰纪念大型黑色样票九枚全，尺寸：55.5×31.5厘米，连印于极薄半透明白纸上，未裁切，印刷精细清晰，局部泛黄，是收集和研究慈禧寿辰纪念邮票及其加盖票的重要参考资料，上中品,,,,,,,"1894 Empress Dowager Cixi’s Birthday Commemorative Issue Uncut Black Specimen, Complete set of 9 pcs., Size: 55.5×31.5cm, VF-F",,,,,,,,,"10,000-15,000"
2511,*,,慈禧寿辰纪念初版邮票1分银二十枚二全格,,,,,,,,,,★1894年慈禧寿辰纪念初版邮票1分银二十枚二全格四十枚，带三边过桥或边纸，上边纸对折，原胶贴纸，泛黄，中上品,,,,,,,"1894 1st Print Empress Dowager Cixi’s Birthday Commemorative Issues 1ca, Block of 40, with Margins, OG, LH, F-VF",,,,,,,,,"20,000-25,000"
2512,*,,慈禧寿辰纪念邮票再版厚纸彩色无齿样票九枚全,,,,,,,,,,S 1897年慈禧寿辰纪念邮票再版厚纸彩色无齿样票九枚全，其中9分银、12分银、24分银带宽边纸，色彩饱满，极少见，上品,,,,,,,"1897 Reprint Empress Dowager Cixi's Birthday Commemorative Issues with Thick Paper Imperf. Proof, Complete Set of 9 pcs., Rare, VF",,,,,,,,,"15,000-25,000"
2513,*,,穆麟德版慈禧寿辰纪念邮票九枚全,,,,,,,,,,★★1897年穆麟德版慈禧寿辰纪念邮票九枚全，色彩鲜艳，原胶未贴，上品,,,,,,,"1897 Mollendorff Print Empress Dowager Cixi’s Birthday Commemorative Issues, Complete Set of 9 pcs., OG, UH, VF",,,,,,,,,"15,000-25,000"
2514,*,,慈禧寿辰纪念再版大字短距改值邮票半分/3分银二十枚二全格,,,,,,,,,,★★1897年慈禧寿辰纪念再版大字短距改值邮票半分/3分银二十枚二全格四十枚，带过桥及右边纸，中部齿孔及过桥边纸对折，原胶未贴，泛黄，上中品,,,,,,,"1897 Reprint Empress Dowager Cixi’s Birthday Commemorat-ive Issue Surcharged in Largel Characters with Narrow Interval 0.5c/3ca, Block of 40, with Margins, OG, UH, VF-F",,,,,,,,,"20,000-25,000"
2515,*,,红印花加盖暂作邮票当壹分,,,,,,,,,,★1897年红印花加盖暂作邮票当壹分一枚，背盖收藏章，原胶轻贴，上中品,,,,,,,"1897 Red Revenue Stamps Surcharged for Postal Use 1c, OG, LH, VF-F",,,,,,,,,"1,500-2,500"
2516,*,,红印花加盖暂作邮票当壹分,,,,,,,,,,★1897年红印花加盖暂作邮票当壹分一枚，原胶轻贴，上中品,,,,,,,"1897 Red Revenue Stamps Surcharged for Postal Use 1c, OG, LH, VF-F",,,,,,,,,"1,500-2,500"
2517,*,,红印花加盖暂作邮票当壹分,,,,,,,,,,★1897年红印花加盖暂作邮票当壹分一枚，“壹”字局部漏墨，原胶贴纸，上中品,,,,,,,"1897 Red Revenue Stamps Surcharged for Postal Use 1c, OG, LH, VF-F",,,,,,,,,"1,500-2,500"
2518,*,,红印花加盖暂作邮票小字2分,,,,,,,,,,★1897年红印花加盖暂作邮票小字2分一枚，“贰”字油墨粘连，“cents”后“撇点”，原胶贴纸，上中品,,,,,,,"1897 Red Revenue Stamps Surcharged for Postal Use in Small Characters 2c, OG, LH, VF-F",,,,,,,,,"2,000-3,000"
2519,*,,红印花加盖暂作邮票小字2分,,,,,,,,,,★1897年红印花加盖暂作邮票小字2分一枚，“作”字局部漏盖，原胶轻贴，上中品,,,,,,,"1897 Red Revenue Stamps Surcharged for Postal Use in Small Characters 2c, OG, LH, VF-F",,,,,,,,,"2,000-3,000"
2520,*,,红印花加盖暂作邮票小字2分,,,,,,,,,,★1897年红印花加盖暂作邮票小字2分一枚，“暂”字右移位，原胶轻贴，上中品,,,,,,,"1897 Red Revenue Stamps Surcharged for Postal Use in Small Characters 2c, OG, LH, VF-F",,,,,,,,,"2,500-3,500"
2521,*,,红印花加盖暂作邮票小字2分,,,,,,,,,,○1897年红印花加盖暂作邮票小字2分一枚，“大”字多墨变“尖”，盖福州八卦戳，上中品,,,,,,,"1897 Red Revenue Stamps Surcharged for Postal Use in Small Characters 2c, Cancelled by Eight Diagrams Postmark of Fuzhou, VF-F",,,,,,,,,"2,000-3,000"
2522,*,,红印花加盖暂作邮票小字2分十方连,,,,,,,,,,★1897年红印花加盖暂作邮票小字2分十方连，带左边纸，含小“银”字等加盖版式，局部齿孔开裂，原胶，二处贴纸，上中品,,,,,,,"1897 Red Revenue Stamps Surcharged for Postal Use Small Characters 2c, Block of 10, with margins, OG, LH, VF-F",,,,,,,,,"50,000-60,000"
2523,*,,红印花加盖暂作邮票大字2分,,,,,,,,,,★1897年红印花加盖暂作邮票大字2分一枚，图案居中，色泽鲜艳，原胶轻贴，上中品,,,,,,,"1897 Red Revenue Stamps Surcharged for Postal Use in Large Characters 2c, OG, LH, VF-F",,,,,,,,,"1,500-2,500"
2524,*,,红印花加盖暂作邮票大字2分,,,,,,,,,,★1897年红印花加盖暂作邮票大字2分一枚，背盖红色空心五角星收藏章，原胶贴纸，上中品,,,,,,,"1897 Red Revenue Stamps Surcharged for Postal Use in Large Characters 2c, OG, LH, VF-F",,,,,,,,,"1,500-2,500"
2525,*,,红印花加盖暂作邮票大字2分,,,,,,,,,,★1897年红印花加盖暂作邮票大字2分一枚，“大”字变异为“兀”，背面透盖，色彩艳丽，原胶贴纸，上中品,,,,,,,"1897 Red Revenue Stamps Surcharged for Postal Use in Large Characters 2c, OG, LH, VF-F",,,,,,,,,"2,000-4,000"
2526,*,,红印花加盖暂作邮票大字2分,,,,,,,,,,★1897年红印花加盖暂作邮票大字2分一枚，原胶贴纸，上中品,,,,,,,"1897 Red Revenue Stamps Surcharged for Postal Use in Large Characters 2c, OG, LH, VF-F",,,,,,,,,"1,500-2,500"
2527,*,,红印花加盖暂作邮票大字2分,,,,,,,,,,★1897年红印花加盖暂作邮票大字2分一枚，加盖端正，色彩艳丽，完满原胶，轻贴，上中品,,,,,,,"1897 Red Revenue Stamps Surcharged for Postal Use in Large Characters 2c, OG, LH, VF-F",,,,,,,,,"1,500-2,500"
2528,*,,红印花加盖暂作邮票大字2分,,,,,,,,,,○1897年红印花加盖暂作邮票大字2分一枚，“政”字、“贰”字局部漏墨，销八卦戳，上中品,,,,,,,"1897 Red Revenue Stamps Surcharged for Postal Use in Large Characters 2c, Cancelled by Eight Diagrams Postmark, VF-F",,,,,,,,,"2,000-3,000"
2529,*,,红印花加盖暂作邮票当壹分、大字2分、大字4分各一枚,,,,,,,,,,○1897年红印花加盖暂作邮票当壹分、大字2分、大字4分各一枚，分别销广州1897年3月5日海关日戳、上海工部局书信馆1898年2月日戳、八卦戳，其中当壹分为红印花邮票较早期使用例，上中品,,,,,,,"1897 Red Revenue Stamps Surcharged for Postal Use 1c, Large Characters 2c, 4c, Total 3 pcs., VF-F",,,,,,,,,"2,000-3,000"
2530,*,,红印花加盖暂作邮票大字2分四方连,,,,,,,,,,★1897年红印花加盖暂作邮票大字2分四方连，右上一枚“洋”字半点，左下一枚为“高点洋”，原胶贴纸，上中品,,,,,,,"1897 Red Revenue Stamps Surcharged for Postal Use in Large Characters 2c, Block of 4, OG, LH, VF-F",,,,,,,,,"8,000-12,000"
2531,*,,红印花加盖暂作邮票小字4分,,,,,,,,,,○1897年红印花加盖暂作邮票小字4分一枚，第3号位版式，“大”字、“政”字、“4”、英文“cents”均局部漏墨，销上海邮政局1898年3月大圆日戳，小字4分邮票加盖漏墨极为少见，上中品,,,,,,,"1897 Red Revenue Stamps Surcharged for Postal Use in Small Characters 4c, Cancelled by Shanghai Postmark, Rare, VF-F",,,,,,,,,"100,000-150,000"
2532,*,,红印花加盖暂作邮票大字4分,,,,,,,,,,★1897年红印花加盖暂作邮票大字4分一枚，贴纸，上中品,,,,,,,"1897 Red Revenue stamps surcharged for postal use stamp in large Characters 4c, LH, F-VF",,,,,,,,,"2,500-3,500"
2533,*,,1897年红印花加盖暂作邮票大字4分,,,,,,,,,,★1897年红印花加盖暂作邮票大字4分一枚，原胶贴纸，上中品,,,,,,,"1897 Red Revenue Stamps Surcharged for Postal Use in Large Characters 4c, OG, LH, VF-F",,,,,,,,,"3,000-5,000"
2534,*,,红印花加盖暂作邮票大字4分,,,,,,,,,,★1897年红印花加盖暂作邮票大字4分一枚，局部原胶，轻贴，上中品,,,,,,,"1897 Red Revenue Stamps Surcharged for Postal Use in Large Characters 4c, LH, VF-F",,,,,,,,,"3,000-5,000"
2535,*,,红印花加盖暂作邮票大字4分,,,,,,,,,,★1897年红印花加盖暂作邮票大字4分一枚，原胶贴纸，上中品,,,,,,,"1897 Red Revenue Stamps Surcharged for Postal Use in Large Characters 4c, OG, LH, VF-F",,,,,,,,,"3,000-5,000"
2536,*,,红印花加盖暂作邮票大字4分,,,,,,,,,,★1897年红印花加盖暂作邮票大字4分一枚，原胶贴纸，上中品,,,,,,,"1897 Red Revenue Stamps Surcharged for Postal Use in Large Characters 4c, OG, LH, VF-F",,,,,,,,,"3,000-5,000"
2537,*,,红印花加盖暂作邮票大字4分,,,,,,,,,,★1897年红印花加盖暂作邮票大字4分一枚，原胶贴纸，上中品,,,,,,,"1897 Red Revenue Stamps Surcharged for Postal Use in Large Characters 4c, OG, LH, VF-F",,,,,,,,,"3,000-5,000"
2538,*,,红印花加盖暂作邮票大字4分剪片,,,,,,,,,,△1897年红印花加盖暂作邮票大字4分剪片一件，销上海邮政局1897年7月22日大圆日戳全戳，上中品,,,,,,,"1897 Red Revenue Stamps Surcharged for Postal Use in Large Characters 4c Cutting Piece, Cancelled by Shanghai Postmark, VF-F",,,,,,,,,"4,000-6,000"
2539,*,,红印花加盖暂作邮票大字4分十枚方连,,,,,,,,,,★1897年红印花加盖暂作邮票大字4分十枚方连，背面轻微透盖，带左边纸，原胶轻贴，上品,,,,,,,"1897 Red Revenue Stamps Surcharged for Postal Use in Large Characters 4c, Block of 10, with Left Margin, OG, LH, VF",,,,,,,,,"50,000-80,000"
2540,*,,红印花加盖暂作邮票大字当壹圆,,,,,,,,,,★1897年红印花加盖暂作邮票大字当壹圆一枚，第1号位版式，原胶轻贴，上中品,,,,,,,"1897 Red Revenue Stamps Surcharged for Postal Use in Large Characters 1yuan, OG, LH, VF-F",,,,,,,,,"10,000-15,000"
2541,*,,红印花加盖暂作邮票大字当壹圆,,,,,,,,,,★1897年红印花加盖暂作邮票大字当壹圆一枚，第5号位版式，“大”字破版，原胶贴纸，上中品,,,,,,,"1897 Red Revenue Stamps Surcharged for Postal Use in Large Characters 1yuan, OG, LH, VF-F",,,,,,,,,"10,000-15,000"
2542,*,,红印花加盖暂作邮票大字当壹圆剪片,,,,,,,,,,△1897年红印花加盖暂作邮票大字当壹圆剪片一件，第6号位版式，盖厦门海关2月2日首日戳全戳，“2”字钉倒置，销首日戳罕见，参见吴乐园著《红印花加盖邮票专集》第153页，征集自资深收藏家，上中品,,,,,,,"1897 Red Revenue Stamps Surcharged for Postal Use in Large Characters 1yuan Cutting Piece, Cancelled by First Day Postmark of Amoy Customs, Rare, VF-F",,,,,,,,,"20,000-30,000"
2543,*,,红印花加盖暂作邮票大字当壹圆,,,,,,,,,,★1897年红印花加盖暂作邮票大字当壹圆一枚，第9号位版式，“圆”向左移位，色泽鲜艳，原胶轻贴，上中品,,,,,,,"1897 Red Revenue Stamps Surcharged for Postal Use in Large Characters 1yuan, OG, LH, VF-F",,,,,,,,,"10,000-15,000"
2544,*,,红印花加盖暂作邮票大字当壹圆,,,,,,,,,,○1897年红印花加盖暂作邮票大字当壹圆一枚，第17号位版式，销汕头八卦戳全戳，附2008年国际专业集邮（International Specialize Philatelic）鉴定证书，上中品,,,,,,,"1897 Red Revenue Stamps Surcharged for Postal Use in Large Characters 1yuan, Cancelled by Eight Diagrams Postmark of Swatow Customs, with 2008 Identification Certificate of International Specialize Philatelic, VF-F",,,,,,,,,"6,000-8,000"
2545,*,,红印花加盖暂作邮票大字当壹圆,,,,,,,,,,★1897年红印花加盖暂作邮票大字当壹圆一枚，第18号位版式，原胶贴纸，上中品,,,,,,,"1897 Red Revenue Stamps Surcharged for Postal Use in Large Characters 1yuan, OG, LH, VF-F",,,,,,,,,"10,000-15,000"
2546,*,,红印花加盖暂作邮票大字当壹圆,,,,,,,,,,★1897年红印花加盖暂作邮票大字当壹圆一枚，第24号位版式，加盖字体整体下移，“壹圆”二字左移，原胶贴纸，上中品,,,,,,,"1897 Red Revenue Stamps Surcharged for Postal Use in Large Characters 1yuan, OG, LH, VF-F",,,,,,,,,"10,000-15,000"
2547,*,,红印花加盖暂作邮票当伍圆,,,,,,,,,,★1897年红印花加盖暂作邮票当伍圆一枚，第5号位版式，当时因创办邮政汇兑业务，特加盖高值邮票贴用于邮政汇款之汇票，因此，新票未从窗口出售，目前所见新票大多经过贴用，原胶不复存在，此枚存有部分原胶，图案端正，颜色鲜艳，极为罕见，贴纸，上中品,,,,,,,"1897 Red Revenue Stamps Surcharged for Postal Use 5yuan, Rare, LH, VF-F",,,,,,,,,"100,000-150,000"
2548,*,,日本版蟠龙邮票无齿试色样票1分,,,,,,,,,,S 1897年日本版蟠龙邮票无齿试色样票1分一枚，极少见，背面局部揭薄，上中品，附英国伦敦BPA专业有限公司专家委员会鉴定证书<br>源流：弗兰克·戈登（Frank Godden）<br>施塔少校（Major James Starr）<br>贝克曼伉俪（Anna-Lisa and Sven-Eric Beckeman）,,,,,,,"1897 Japan Print Coiling Dragon Imperf. Issue Specimen 1c, Rare, with Identification Certificate of London B.P.A., VF-F",,,,,,,,,
2549,*,,伦敦版蟠龙邮票赭黄色1分直五连,,,,,,,,,,★1901-1910年伦敦版蟠龙邮票赭黄色1分直五连，带右过桥边纸，横中缝均漏齿，少见，贴纸，上中品,,,,,,,"1901 Yellow Ochre London Print Coiling Dragon Issue 1c, Vertical Strip of 5, with Margin, Rare, LH, VF-F",,,,,,,,,"2,000-3,000"
2550,*,,伦敦版蟠龙邮票深红色2分直五连,,,,,,,,,,★1901-1910年伦敦版蟠龙邮票深红色2分直五连，带右过桥边纸，横中缝均漏齿，少见，原胶，顶边一枚贴纸，上品,,,,,,,"1901 Oxblood Red London Print Coiling Dragon Issue 2c, Vertical Strip of 5, with Margin, Rare, OG, LH, VF",,,,,,,,,"3,000-4,000"
2551,*,,伦敦版蟠龙邮票50分,,,,,,,,,,○1901-1910年伦敦版蟠龙邮票50分一枚，左宽边漏齿，销广州1902年7月12日中英文小圆戳，贴纸，上中品,,,,,,,"1901-1910 London Print Coiling Dragon Issue 50c, Cancelled by Postal Datemark, LH, VF-F",,,,,,,,,"1,000-2,000"
2552,*,,伦敦版蟠龙邮票1元,,,,,,,,,,★1901-1910年伦敦版蟠龙邮票1元一枚，“壹”字A型修饰，原胶贴纸，局部边纸有黄斑，上中品,,,,,,,"1901-1910 London Print Coiling Dragon Issue 1yuan, OG, LH, VF-F",,,,,,,,,"4,000-5,000"
2553,*,,伦敦版蟠龙邮票1000枚,,,,,,,,,,○清代伦敦版蟠龙邮票一组一千枚，均销上海、汉口、天津、塘沽等多地各式邮政日戳，可为蟠龙专题邮集补充基础票品，整体上中品,,,,,,,"Ching Dynasty London Print Coiling Dragon Issues, Total 1000 pcs., Cancelled by Postal Datemarks, VF-F",,,,,,,,,"12,000-15,000"
2554,*,,1904-1911年欠资邮票34枚,,,,,,,,,,★1904-1911年欠资邮票一组三十四枚，均成套，包括：（1）伦敦版蟠龙改作欠资邮票六枚全；（2）伦敦版第一次欠资邮票八枚全三套；（3）伦敦版第二次欠资邮票二枚全二套，少数原胶贴纸或轻贴，整体上中品,,,,,,,"1904-1911 London Print Coiling Dragon Issues Converted into Postage Due Stamps 6 Complete; London Print 1st Postage Due Issues 3 Sets; London Print 2nd Postage Due Issues 2 Sets, Total 34 pcs., VF-F",,,,,,,,,"1,000-2,000"
2555,*,,清代邮票29枚,,,,,,,,,,★○△清代邮票一组二十九枚，包括：（1）伦敦版蟠龙加盖西藏贴用邮票二十六枚，其中含十一枚新票、一枚剪片；（2）伦敦版第二次欠资邮票1分旧票二枚；（3）大清印花税票1000文一枚，整体中上品,,,,,,,"Ching Dynasty London Print Coiling Dragon Issues Designated For Use in Tibet 26 pcs., London Print 2nd Postage Due Issues 2 pcs., The US Print Tai Ching Revenue stamp 1000 cash, Total 29 pcs., mostly Cancelled by Postal Datemarks, F-VF",,,,,,,,,"500-1,000"
2556,*,,1899年梧州寄德国中式莫斯挂号封,,,,,,,,,, 1899年广西梧州寄德国中式莫斯挂号封，贴红印花加盖暂作邮票当壹分、慈禧寿辰纪念初版小字改值邮票1分/1分银，以及慈禧寿辰纪念再版大字长距改值邮票1分/1分银、4分/4分银、5分/5分银、8分/6分银各一枚，合联邮国挂号邮资20分，销梧州5月23日中英文小圆戳，另盖大型“R”挂号戳，背盖广州5月25日中转戳，经香港加贴香港邮票10仙一枚，销黑色有框“I.P.O.”骑缝戳及香港5月26日转口戳，背有德国利希滕塔尔6月26日到达戳及巴登巴登同日投递戳，此封著录于华裕宽编著《红印花封片简执据存世考（下）》第517页，品相极佳,,,,,,,"1899 Registered Envelope from Wuzhou to Germany Julius Maus, bearing Red Revenue Stamps Surcharged for Postal Use 1c, 1st Print Empress Dowager Cixi’s Birthday Commemorative Issue Surcharged in Small Characters 4c/4ca, 5c/5ca, 8c/6ca, Hongkong Stamp 10c, Cancelled by Postal Datemarks and “I.P.O “Chops",,,,,,,,,"20,000-30,000"
2557,*,,1900年上海寄汉口美术封,,,,,,,,,, 1900年上海寄汉口美术封，贴伦敦版蟠龙邮票2分一枚，合国内平信邮资，销上海5月10日中英文小圆戳，背盖上海工部书信馆5月13日双边日戳，有汉口5月19日到达戳，另盖“大清邮政汉口局 信力已付勿索勿给”长方形戳，此戳罕见，保存良好,,,,,,,"1900 Picture Stamped Envelope from Shanghai to Hankow, bearing London Print Coiling Dragon Issue 2c, Cancelled by Postal Datemarks and “Ching Dynasty Post Hankow Office Postage Paid” Rectangle Postmark, Rare, Well Preserved",,,,,,,,,"2,500-3,500"
2558,,,1904年庆安寄上海美术封,,,,,,,,,, 1904年安徽庆安寄上海美术封，背贴伦敦版蟠龙邮票1分一枚，销安徽庆安“甲辰四月廿六日”中文双圈三格式干支戳，有江苏上海“甲辰四月廿八日”到达戳，保存完好,,,,,,,"1904 Picture Stamped Envelope from Anhwei to Shanghai, bearing London Print Coiling Dragon Issue 1c, Cancelled by Postal Datemarks, Well Preserved",,,,,,,,,"2,000-3,000"
2559,*,,1900年山东沂州寄潍县西式封,,,,,,,,,, 1900年山东沂州寄潍县西式封，贴伦敦版蟠龙邮票4分一枚，销沂州邮政局1月12日英中文椭圆日戳，背有胶州邮政局1月21日椭圆中转戳及潍县1月26日椭圆到达戳，保存完好,,,,,,,"1900 Western Style Envelope from Ichow to Weixian, bearing London Print Coiling Dragon Issue 4c, Cancelled by Postal Datemarks, Well Preserved",,,,,,,,,"5,000-6,000"
2560,,,1902年梧州寄胶州挂号封,,,,,,,,,, 1902年广西梧州寄山东胶州挂号封，收件人为梧州海关德籍职员帅哲尔，贴伦敦版蟠龙邮票2分、4分、5分各一枚，合超重2单位挂号邮资11分，销梧州1月28日中英文小圆戳，另盖“R”挂号戳，经广州、上海中转，背分别盖广州1月30日、上海2月4日中转戳，有少见之胶州邮政局2月9日英中文椭圆到达戳，封舌另盖梧州海关英文钢印，保存完好<br>帅哲尔（H.Schwelger），清末海关德国籍职员，他与德国集邮家莫斯（H·J·Maus）熟识，并为莫斯寄出了许多贴用大龙、慈寿、红印花邮票的邮件，这些信封被集邮界称为“莫斯封”，帅哲尔的名字亦经常出现于清代邮封之上。,,,,,,,"1902 Registered Envelope from Wuzhou to Jiaozhou, bearing London Print Coiling Dragon Issues 2c, 4c, 5c, Cancelled by Postal Datemarks, Well Preserved",,,,,,,,,"4,000-5,000"
2561,*,,1905年南昌寄京都红条封,,,,,,,,,, 1905年江西南昌寄京都红条封，贴伦敦版蟠龙邮票2分一枚，合外埠平信邮资，销江西南昌“乙巳六月廿日”中文单圈三格式干支戳，经江西、上海中转，背盖江西□□“乙巳六月廿三日”、江苏上海“乙巳六月廿五日”中转戳，保存完好,,,,,,,"1905 Red Strip Envelope from Kiangsi to Peking, bearing London Print Coiling Dragon Issue 2c, Cancelled by Postal Datemarks, Well Preserved",,,,,,,,,"1,000-1,500"
2562,,,1907年南昌府寄北京红条封,,,,,,,,,, 1907年江西南昌府寄北京红条封，背贴伦敦版蟠龙邮票2分一枚，销江西南昌府“丁未九月六日”中文双圈三格式干支戳，经湖北中转，盖湖北汉口“丁未九月初九”中文腰框式干支中转戳，此戳断边断框十分少见，有北京10月18日到达戳，保存完好,,,,,,,"1907 Red Strip Envelope from Kiangsi to Peking, bearing London Print Coiling Dragon Issue 2c, Cancelled by Postal Datemarks, Well Preserved",,,,,,,,,"2,500-3,500"
2563,,,1907年北京寄山东黄县红条封,,,,,,,,,, 1907年直隶北京寄山东黄县红条封，背贴伦敦版蟠龙邮票1分横双连，销直隶北京“丁未腊月初一”中文单圈三格式干支戳，有山东黄县“丁未腊月五日”到达戳及信差中文号码戳，保存良好,,,,,,,"1907 Red Strip Envelope from Peking to Shantung, bearing London Print Coiling Dragon Issues 1c Horizontal Pair, Cancelled by Postal Datemarks, Well Preserved",,,,,,,,,"2,000-3,000"
2564,,,1908年富顺寄英国西式封,,,,,,,,,, 1908年四川富顺寄英国德比西式封，贴伦敦版蟠龙邮票2分五枚，合国际平信邮资10分，销四川富顺“戊申五月廿四日”中文单圈三格式干支戳，此封因故延误二日方投递，背盖四川富顺“戊申五月廿六日”投递戳，后沿长江邮路往东，再经西伯利亚铁路寄递，先后盖重庆6月27日、四川重庆（五）“戊申五月廿九日”、汉口7月13日、上海7月16日以及上海德国在华邮局7月16日中转戳，有英国德比8月5日到达戳，为西伯利亚邮路恢复开通后早期运递，少见，保存完好,,,,,,,"1908 Chinese Style Envelope from Szechuen to England, bearing London Print Coiling Dragon Issues 2c¡Á5, Cancelled by Postal Datemarks, Well Preserve",,,,,,,,,"1,500-2,500"
2565,,,1906年九江寄北京挂号红条封,,,,,,,,,, 1906年江西九江寄北京挂号红条封，贴伦敦版蟠龙邮票2分、5分各一枚，合外埠挂号邮资7分，销江西九江“丙午三月七日”中文双圈三格式干支戳，旁盖“R”英文地名挂号戳，另盖“自湖口中营右领舟署缄”红色官印，背有直隶北京“丙午三月十四日”到达戳，清代盖湖口军营官印实寄封少见，保存完好,,,,,,,"1906 Registered Red Strip Envelope from Kiangsi to Peking, bearing London Print Coiling Dragon Issues 2c, 5c, Cancelled by Postal Datemarks and Hukou Barracks Red Chop, Rare, Well Preserved",,,,,,,,,"5,000-6,000"
2566,,,1904年庆安寄京都双挂号红条封,,,,,,,,,, 1904年安徽庆安寄京都双挂号红条封，贴伦敦版蟠龙邮票1分、10分各一枚，销安徽庆安“甲辰三月六日”中文双圈三格式干支戳，旁盖“RR”英文地名双挂号戳，经上海中转，背盖江苏上海“甲辰三月十日”中转戳，有北京邮政局4月30日英中文椭圆到达戳，此戳无年份，日期排列次序日在月之前，甚为少见，另有“甲字花码1389号三月十七日到”手填日期戳，保存完好,,,,,,,"1904 Registration with R.R. Red Strip Envelope from Anhwei to Peking, bearing London Print Coiling Dragon Issues 1c, 10c, Cancelled by Postal Datemarks, Well Preserved",,,,,,,,,"13,000-16,000"
2567,,,1908年山东寄北京红条封,,,,,,,,,, 1908年山东铁路巡警第一区寄北京巡警部红条封，背贴伦敦版蟠龙邮票1分横双连二件，均带过桥左边纸，销山东济南“戊申腊月廿三日”中文单圈三格式干支戳，有北京“戊申腊月廿六”到达戳，为清末地方警察机构与中央巡警部门邮件互寄实例，少见，保存较好,,,,,,,"1908 Red Strip Envelope from Shantung Railway Patrol to Peking Patrol Department, bearing London Print Coiling Dragon Issues 1c Horizontal Pair¡Á2, with Margins, Cancelled by Postal Datemarks, Well Preserve",,,,,,,,,"12,000-15,000"
2568,*,,1910年南宁寄法国挂号封,,,,,,,,,, 1910年南宁寄法国挂号封，贴伦敦版蟠龙邮票2分、4分、10分各一枚，合邮资16分，销南宁8月16日中英文小圆戳，另盖“R”英文地名挂号戳，经梧州、香港中转，分别盖梧州8月20日、香港8月22日中转戳；自1910年8月5日起，国际挂号邮件邮资调整为20分，此封于1910年8月16日寄出，属过期使用16分邮资，南宁小圆戳亦不多见，保存较好,,,,,,,"1910 Registered Envelope from Nanning to France, bearing London Print Coiling Dragon Issues 2c, 4c, 10c, Cancelled by Postal Datemarks, Rare, Well Preserved",,,,,,,,,"3,500-4,500"
2569,*,,1910年直隶泊头镇寄德国西式封,,,,,,,,,, 1910年直隶泊头镇寄德国西式封，贴伦敦版蟠龙邮票10分一枚，合国际平信邮资，销“直隶泊头镇一号信柜”三格式戳，背盖天津3月20日中英文小圆戳、天津城“庚戌二月初十”英中文腰框式干支戳，天津法国在华邮局3月20日戳及信差英文号码戳，经西伯利亚铁路寄递，封面另盖红色“由西伯利亚铁路寄往德国”长方形章，烫封口火漆，“直隶泊头镇一号信柜”戳极少见，保存完好,,,,,,,"1910 Western Style Envelope from Chihli to German, bearing London Print Coiling Dragon Issue 10c, Cancelled by Postal Datemarks, Well Preserved",,,,,,,,,"5,000-6,000"
2570,,,1911年淄川寄德国风光明信片,,,,,,,,,,PPC 1911年山东淄川寄德国风光明信片，贴伦敦版蟠龙邮票4分一枚，销淄川“辛亥十月初七”英中文腰框式干支戳，经西伯利亚铁路寄递，分别盖济南“辛亥十月初七”、奉天12月1日中转戳，片背画面为胶州孔夫子庙，淄川辛亥邮戳不多见，保存完好,,,,,,,"1911 Landscape Postcard? from Zichuan to Germany, bearing London Print Coiling Dragon Issue 4c, Cancelled by Postal Datemarks, Well Preserved",,,,,,,,,"1,000-1,500"
2571,*,,1911年孤岭寄美国明信片,,,,,,,,,,PPC 1911年江西孤岭寄美国明信片，贴伦敦版蟠龙邮票4分一枚，销孤岭8月28日中英文小圆戳，经九江8月28日、上海8月30日、上海8月31日、上海日本在华邮局9月1日中转，邮路清晰，片背画面为南京明陵照片，保存完好,,,,,,,"1911 Postcard from Guling to U.S.A, bearing London Print Coiling Dragon Issue 4c, Cancelled by Postal Datemarks, Well Preserved",,,,,,,,,"4,000-5,000"
2572,,,1909年盛京辑安寄北京红条封,,,,,,,,,, 1909年盛京辑安寄北京红条封，贴伦敦版蟠龙邮票2分一枚，销盛京辑安“己酉冬月廿八”中文腰框式干支戳，此戳日期右读，少见，经奉天、通化中转，盖奉天及通化“己酉腊月初四”中转戳，有北京到达戳，保存较好,,,,,,,"1909 Red Strip Envelope from Mukden to Peking, bearing London Print Coiling Dragon Issue 2c, Cancelled by Postal Datemarks, Well Preserved",,,,,,,,,"4,000-5,000"
2573,*,,1911年南昌府寄北京双挂号封,,,,,,,,,, 1911年南昌府寄北京双挂号封，背贴伦敦版蟠龙邮票1分、2分、10分各一枚，合外埠双挂号邮资13分，销南昌府“辛亥五月廿一”英中文腰框式干支戳，另盖“R”中文地名挂号戳及“AR”双挂号戳，有北京“辛亥五月廿八”到达戳，保存完好,,,,,,,"1911 Registration with A.R. Envelope from Nanchang to Peking, bearing London Print Coiling Dragon Issues 1c, 2c, 10c, Cancelled by Postal Datemarks, Well Preserved",,,,,,,,,"2,000-3,000"
2574,,,1911年天津寄昌平州红条封,,,,,,,,,, 1911年天津寄京北昌平州顺天五属官运总局红条封，背贴伦敦版蟠龙邮票1分、2分各一枚，合省内平信邮资3分，销天津“辛亥冬月十一”英中文腰框式干支戳，盖直隶天津、北京中转戳，另盖信差英文号码戳，有直隶昌平州“辛亥冬月十二”到达戳，寄盐政机构—官运局实寄封存世少见，保存完好<br>官运局是省一级的盐政机构，其机构设置以全省盐务总局为中心扩散至地方，采取官运商销模式管理盐政，在清末盐政运销体系中占有重要地位。,,,,,,,"1911 Red Strip Envelope from Tientsin to Changping Transportation Bureau, bearing London Print Coiling Dragon Issues 1c, 2c, Cancelled by Postal Datemarks, Rare, Well Preserved",,,,,,,,,"8,000-10,000"
2575,*,,1909年天津寄烟台红条封,,,,,,,,,, 1909年天津寄烟台红条封，背贴伦敦版蟠龙邮票2分二枚，销天津“己酉六月廿八”英中文腰框式干支戳，另盖极为少见之“八”号马车图异形邮戳，有烟台“己酉六月三十”到达戳，马车图异形邮戳专用于经邮政马车寄递之邮件，留存至今者目前所知仅此一件，蟠龙时期邮政史之实物史料，极为难得<br>著录：孙君毅著《清代邮戳志》第158页，图43。<br>文曰：“图(43)见1909年天津寄烟台封上，所盖墨色同烟台戳，极可能是烟台所盖。图样意义谅是马车运载邮件”。,,,,,,,"1909 Red Strip Envelope from Tientsin to Chefoo, bearing London Print Coiling Dragon Issues 2c¡Á2, Cancelled by Postal Datemarks and No.8 Special Postmark of Carriage Design, Extremely Rare, Qing Dynasty Postmark, Written by Sun Junyi, p.158, pl.4",,,,,,,,,"100,000-150,000"
2576,,,1910年巴拉圭寄上海改投镇江公文封,,,,,,,,,, 1910年巴拉圭比亚里卡寄上海改投镇江公文封，背盖巴拉圭比亚里卡11月12日邮政日戳，经西伯利亚铁路寄递，盖阿根廷布宜诺斯艾利斯1910年11月16日中转戳，有上海“庚戌十一月初二”（12月3日）到达戳；翌年此封因故改投镇江，盖上海1911年1月3日及上海俄国在华邮局同日投递戳，有镇江到达戳，清代南美洲寄中国邮件较少见，保存完好,,,,,,,"1910 Official Envelope from Paraguay to Shanghai and Redelivered to Zhenjiang, Cancelled by Postal Datemarks, Well Preserved",,,,,,,,,"2,000-3,000"
2577,,,清代北京通州递翰林院红条封,,,,,,,,,, 清代北京通州递翰林院红条封，封面墨笔手写寄发时刻，背面详细记录途经通惠河各闸口名称及到达时刻，自十九日卯时封发，依次于当日辰时经普济闸、己时经平下闸、巳末经平上闸、午末经庆丰闸递送，后再经陆路送达东安门外廖宅，转递翰林院，系清代北京本埠内经通惠河水路递送邮件实例，极为少见，保存完好<br>北京城东便门到通州，东西走向20公里，元代人工开挖一条通惠河，河上建有五座闸口：大通闸（头闸）、庆丰闸（二闸）、平津上闸（又称平上闸、高碑店闸），平下闸（又称花园闸）、普济闸。这些闸口既是为确保往返船只的航行，更是为调节泄洪。每闸都设有管理用房、兵房、库房，以及由军队看守的皇粮码头。,,,,,,,"Ching Dynasty Red Strip Envelope from Tongzhou to the Imperial Academy, with Handwritten Post List on Rev., Rare, Well Preserved",,,,,,,,,"8,000-10,000"
2578,,,清代胡万昌信局寄广西红条封,,,,,,,,,, 清代胡万昌信局寄广西红条封，为蔚丰厚票号交托胡万昌信局寄递，背盖红色“胡万昌信局”戳记，并手写寄发日期，信封正面所书“酒资照给”意为由收件人付邮资，此封为清代民信局投递邮件实例，“胡万昌信局”戳记少见，保存完好<br>胡万昌信局，开设于清乾隆年间，系北京最早开设的四家民信局之一，在全国设有多家分号，1934年关闭。,,,,,,,"Ching Dynasty Red Strip Envelope from Hu Wanchang Private Mail Office to Kwangsi, with “Hu Wanchang Mail Office “Chop and Handwritten Mailed Date, Rare, Well Preserved",,,,,,,,,"7,000-9,000"
2579,,,清代都门寄山西阳曲县红条封,,,,,,,,,, 清代都门寄山西阳曲县红条封，都门即京都，收信人为阳曲县知县周云翥，封面盖“酒资照例”红色戳记，意为由收件人支付邮资，都门地名实寄封极少见，保存较好,,,,,,,"Ching Dynasty Red Strip Envelope from Dumen (Peking) to Yangqu County Magistrate Zhou Yunzhu, Rare, Well Preserved",,,,,,,,,"5,000-6,000"
2580,*,,上海第一版工部大龙邮票4分银,,,,,,,,,,○1865年上海第一版工部大龙邮票4分银一枚，英文面值“CANDAREENS”为复数，橘黄色，重油墨，周炜良著《上海工部书信馆大龙邮票》目录第15号版式，上海工部信馆小绶带销印，戳记清晰，罕见，上中品,,,,,,,"1865 Shanghai Local Post Office 1st Print Large Dragon Issue 4ca, Cancelled by Chops, Rare, VF-F",,,,,,,,,"18,000-22,000"
2581,*,,上海第一版工部大龙邮票4分银,,,,,,,,,,○1865年上海第一版工部大龙邮票4分银一枚，英文面值“CANDAREEN”为单数，周炜良著《上海工部书信馆大龙邮票》目录第32号版式，上海工部信馆小绶带销印，中上品,,,,,,,"1865 Shanghai Local Post Office 1st Print Large Dragon Issue 4ca, Cancelled by Chops, F-VF",,,,,,,,,"5,000-6,000"
2582,*,,芜湖商埠第一次普通邮票十枚全,,,,,,,,,,★○1894-1895年芜湖商埠第一次普通邮票十枚全，第一次加盖中文面值邮票十枚，计二十枚，其中一枚为新票，其余均销芜湖商埠日戳，整体上中品,,,,,,,"1894-1895 Wuhu Local Post 1st Ordinary Issues, Complete Set of 10 pcs.; 1st Issue Overprint with Chinese Denominations 10 pcs., Total 20 pcs., VF-F",,,,,,,,,"2,000-2,500"
2583,*,,宜昌商埠第一、二版普通邮票十四枚全,,,,,,,,,,★1894-1895年宜昌商埠第一版、第二版普通邮票十四枚全，局部泛黄，部分贴纸，整体上中品,,,,,,,"1894-1895 Ichang Local Post 1st and 2nd Print Ordinary Issues, Complete Set of 14 pcs., VF-F",,,,,,,,,"3,500-4,000"
2584,*,,南京商埠第1-4版普通邮票十六枚全,,,,,,,,,,★1896-1897年南京商埠第一版、第二版、第三版、第四版普通邮票十六枚全，局部边纸泛黄，少数贴纸，整体上中品,,,,,,,"1896-1897 Nanking Local Post 1st-4th Print Ordinary Issues, Complete Set of 16 pcs., VF-F",,,,,,,,,"4,500-5,000"
2585,*,,清代上海工部书信馆及商埠邮票200枚,,,,,,,,,,★○清代上海工部书信馆及商埠邮票一组二百枚，包括：（1）上海工部书信馆工部小龙、工部小龙加盖改值、双龙、上海工部局徽、欠资、上海开埠50周年纪念、上海开埠50周年加盖邮票等；（2）汉口普通、重庆普通及加盖欠资、福州龙舟竞赛图、镇江金山图、九江普通及加盖改值、厦门普通、芜湖普通、宜昌普通、南京金陵书信馆普通邮票等；（3）天津书信馆小龙臆造加盖欠资邮票，部分成套，大多数为新票，整体上中品,,,,,,,"Ching Dynasty Shanghai L.P.O. and Treaty Port Stamps, Total 202 pcs., mostly Unused, VF-F",,,,,,,,,"1,000-2,000"
2586,*,,英国威海卫租借地邮局专差邮票二枚全,,,,,,,,,,★○1899年英国威海卫租借地邮局专差邮票二枚全，其中2分销英国在华邮局“和”字戳，贴纸，中上品,,,,,,,"1899 Wei Hai Wei Leased Area Courier Post Issues, Complete Set of 2 pcs., Cancelled by Chops of British Post Offices in China, LH, F-VF",,,,,,,,,"2,000-2,500"
2587,,,伦敦版蟠龙加盖宋体字“中华民国”邮票十五枚全,,,,,,,,,,★1912年伦敦版蟠龙加盖宋体字“中华民国”邮票十五枚全，原胶轻贴，上中品,,,,,,,"1912 London Print Coiling Dragon Issue overprinted with “Republic of China” in Song Typeface 15 complete, OG, LH, VF-F",,,,,,,,,"5,000-8,000"
2588,,,1913年瞻溪寄上海红条封,,,,,,,,,, 1913年安徽瞻溪寄上海红条封，背贴伦敦版蟠龙加盖楷体字“中华民国”邮票3分一枚，销“安徽瞻溪邮政代办”戳，经徽州中转，盖徽州11月21日中转戳，有上海11月24日到达戳，保存完好,,,,,,,"1913 Red Strip Envelope from Anhwei to Shanghai, bearing London Print Coiling Dragon Issue Overprinted with “Republic of China “in Regular Writing Typeface 3c, Cancelled by Postal Datemarks, Well Preserved",,,,,,,,,"2,000-3,000"
2589,,,北京二版帆船邮票二十四枚全,,,,,,,,,,★1923-1933年北京二版帆船邮票二十四枚全，原胶轻贴，上中品,,,,,,,"1923-1933 2nd Beijing Print Junk Issue Stamps 24 complete, OG, LH, VF-F",,,,,,,,,"8,000-10,000"
2590,,,北京二版帆船邮票二十四枚全2套,,,,,,,,,,★○1923-1933年北京二版帆船邮票二十四枚全二套，其中一枚为新票，其余均为旧票，销多地各式邮政日戳，内含邮票贴片一件，整体上中品,,,,,,,"1923-1933 2nd Beijing Print Junk Stamps, Total 49 pcs., mostly Cancelled by Postal Datemarks, VF-F",,,,,,,,,"1,000-2,000"
2591,,,1914年外交部奉天交涉署寄盛京复县知事公文封,,,,,,,,,, 1914年外交部奉天交涉署寄盛京复县知事大型挂号公文封，贴伦敦版蟠龙加盖楷体字“中华民国”邮票2分一枚、伦敦版帆船邮票3分三枚、合本埠快递邮资11分，销奉天“四月三十”英中文腰框戳，经文报局寄递，封面盖有文报局挂号戳，有盛京瓦房店“五月初二”中转戳及盛京复州同日到达戳，背盖关防一方；文报局于民国三年结束，此为文报局极晚期实寄封，是中国文报局史的重要实物史料，信封对剖展示，保存良好,,,,,,,"1914 Large Registered Official Envelope from Foreign Ministry Fungtien Negotiation Office to Shengjing Fu County Magistrate, bearing London Print Junk Issues 3c¡Á3, London Print Coiling Dragon Issue 2c, Cancelled by Postal Datemarks and Wen-Pao-Chu Registration Chops, with a Official Seal, Well Preserve",,,,,,,,,"6,000-8,000"
2592,,,1914年奉天行政公署寄盛京复县知事公文封,,,,,,,,,, 1914年奉天行政公署寄盛京复县知事大型挂号公文封，贴伦敦版帆船邮票5分、6分各一枚，合本埠快递邮资11分，销奉天“五月二十五”英中文腰框戳，经文报局寄递，封面盖奉天文报局挂号戳，有盛京瓦房店“五月二十六”中转戳及盛京复州同日到达戳，背盖关防大印一方；文报局于民国三年结束，此为文报局极晚期实寄封，是中国文报局史的重要实物史料，信封对剖展示，保存良好,,,,,,,"1914 Large Registered Official Envelope from Fungtien Administrative Office to Shengjing Fu County Magistrate, bearing London Print Junk Issues 5c, 6c, Cancelled by Postal Datemarks and Wen-Pao-Chu Registration Chops, with a Official Seal, Well Preserved",,,,,,,,,"6,000-8,000"
2593,,,香港中华版孙中山像无齿邮票5元五十枚全张,,,,,,,,,,★1938-1939年香港中华版孙中山像无齿邮票5元五十枚全张，中心肖像套印右上大移位，上中品,,,,,,,"1938-1939 Hong Kong Zhong Hua Print Dr.Sun Yat-sen Imper. Issues 5yuan, Complete Sheet of 50 pcs., VF-F",,,,,,,,,"500-1,000"
2594,,,孙中山像、烈士像及其加盖改值邮票一册1900余枚,,,,,,,,,,★民国时期孙中山像、烈士像及其加盖改值邮票一册一千九百余枚，均为新票，包括：（1）伦敦版、香港中华版、香港大东版、纽约版、中信版、百城版、上海大东版等不同版别孙中山像邮票及其加盖改值邮票；（2）北平版、香港商务版烈士像邮票；（3）伪暂售票改作“国币”邮票，孙中山像、烈士像加盖“国币”改值邮票；（4）孙中山像、烈士像加盖“金圆”改值邮票，上海大东一版及二版、重庆华南版孙中山像金圆邮票；（5）重庆华南版孙中山像基数邮票；（6）孙中山像加盖限新疆、台湾、东北等地方贴用邮票及其加盖改值邮票；（7）华北沦陷区孙中山像、烈士像加盖“华北”半值、原值邮票；（8）伪蒙疆地区孙中山像、烈士像加盖“蒙疆”半值、原值、改值邮票，蒙文版孙中山像烈士像未发行邮票等；部分成套，其中含四枚、六枚、八枚、十枚、二十枚、四十五枚等连票六十余件，少数邮票有损，整体上中品（无图）,,,,,,,"ROC Dr. Sun Yat-Sen, Martyrs and Surcharged Issues, More than 1920 pcs., Unused, VF-F (No Photo)",,,,,,,,,
2595,,,孙中山像、烈士像及其加盖改值邮票等490余枚,,,,,,,,,,★○1942-1949年孙中山像、烈士像及其加盖改值邮票等一组四百九十余枚，包括：（1）中信版、百城二版孙中山像邮票；（2）孙中山像、烈士像各厂加盖“国币”改值邮票；（3）孙中山像各厂加盖“金圆”改值邮票，上海中央版孙中山像金圆邮票、印花税票各厂加盖改作“金圆”邮票；（4）华东区孙中山像加盖“华东邮政 京 暂作”改值邮票；除三枚销邮政日戳外，其余均为新票，大部分为方连或大方连，部分带边纸、厂铭或版号，内中含齿孔复打、打齿移位、接纸印刷、漏齿、复盖、票背粘印或粘盖等不同种类变体邮票，整体上中品,,,,,,,"1942-1949 Dr. Sun Yat-Sen, Martyrs and Surcharged Issues, More than 490 pcs., mostly Unused, VF-F",,,,,,,,,
2596,,,烈士像及其加盖改值邮票一册1230余枚,,,,,,,,,,★民国时期烈士像及其加盖改值邮票一册一千二百三十余枚，均为带边纸、版号或数字铭新票，包括：（1）北平版、香港商务版烈士像邮票；（2）烈士像加盖“国币”改值邮票、伪暂售票改作“国币”邮票；（3）烈士像加盖“金圆”改值邮票；（4）烈士像限东北、台湾、新疆等地方贴用邮票及改值邮票；（5）华北沦陷区烈士像加盖小字及大字邮区（地区）名邮票、加盖“华北”半值邮票、加盖“新加坡陷落纪念”邮票、加盖“满洲国建国十周年纪念”邮票；（6）华南沦陷区烈士像加盖“粤区特用”邮票；（7）伪蒙疆地区烈士像加盖“蒙疆”半值、原值、改值邮票等；大部分为双连、四方连，个别带厂铭，整体上中品（无图）,,,,,,,"ROC, Martyrs and Surcharged Issues, more than 1230 pcs., Unused, with Version Numbers and Cylinder Numbers, most are Pairs or Blocks of 4, VF-F (No Photo)",,,,,,,,,"1,000-2,000"
2597,,,1923-1949年实寄封8件,,,,,,,,,, 1923-1949年实寄封一组八件，分别贴北京一版帆船邮票、上海大东一版孙中山像邮票、上海大东二版孙中山像邮票、孙中山像改值高额邮票、重庆华南版孙中山像金圆邮票、国民政府还都纪念邮票、孙中山像加盖“国币”改值邮票、孙中山像加盖“金圆”改值邮票、国民大会纪念邮票、美国航空邮票，少数邮票成套，分别销北平、上海、青岛、长江埠、南通、浙江、贵阳等地邮政日戳，部分以航空、挂号寄递，其中含集邮品封一件，种类丰富，保存良好,,,,,,,"1923-1949 Delivered Envelopes bearing 1st Beijing Print Junk Issues, Dr. Sun Yat-Sen Issues, National Assembly, Return of National Government to Nanjing Commemorative Issues and American Airmail Issues, Total 8 pcs., Cancelled by Postal Datemarks, Well Preserved",,,,,,,,,
2598,,,1947年上海寄国内实寄封3件,,,,,,,,,, 1947年上海寄国内实寄封三件，分别为：（1）上海寄南京中式封，背贴伦敦四版孙中山像邮票500元二枚，销南京8月22日中英文点线戳，有上海8月25日到达戳及上海机盖宣传戳；（2）上海寄北京航空封，背贴蒋主席六轶寿辰纪念邮票200元二枚、300元一枚，重庆中央版孙中山像邮票20元五枚，合国内航空邮资800元，销上海9月26日中英文点线戳，有北平9月28日到达戳及信差名戳；（3）上海寄北京航空邮简，贴孙中山像永宁二次加盖“国币”改值邮票500元/20元二枚，合国内航空邮资1000元，销上海10月30日中英文三格式戳，背有北平10月31日手盖及机滚到达戳，并盖信差名戳，保存较好,,,,,,,"1947 Chinese Style Envelope from Shanghai to Nanjing, bearing 4th London Print Dr. Sun Yat-sen Issues 500yuan¡Á2, Cancelled by Postal Datemarks, Well Preserve",,,,,,,,,"1,500-2,500"
2599,,,1948-1950年四川寄香港、美国航空封7件,,,,,,,,,, 1948-1950年四川寄香港、美国航空封一组七件，分别贴西南区人民解放军进军图、印花税票加盖改作基数、孙中山像金圆重庆加盖改作银圆、重庆华南版孙中山像基数、孙中山像烈士像加盖“金圆”改值邮票，销西川球溪场、四川成都、西川资中等地邮政日戳，其中一件盖邮路被阻退件戳，部分挂号寄递，一件信封掉票，整体保存较好,,,,,,,"1948-1950 Airmail Envelopes from Szechuen to Hongkong and U.S.A, Total 7 pcs., Cancelled by Postal Datemarks, Well Preserved",,,,,,,,,"1,000-2,000"
2600,,,1913-1949年实寄封、明信片19件,,,,,,,,,,PS 1913-1949年实寄封、明信片一组十九件，贴孙中山像、烈士像、孙中山像加盖“国币”改值、孙中山像金圆改作银圆、基数、邮政储金图、纪念、行动邮局、北京一版航空、华中沦陷区纪念邮票等，部分为挂号、航空、快递寄递，内含盖“天津 汽车行动邮局”戳明信片一件、四川美丰银行双挂号改退封二件，其他大部分为贴纪念邮票实寄，少数未实寄，保存较好,,,,,,,"1913-1949 Delivered Envelopes and Postcards bearing Dr. Sun Yat-sen and Martyr Issues, Dr. Sun Yat-sen Issues Overprinted and Surcharged Stamps, Postal Savings Issues, Mobile Post Office and Postal Kiosk Issues, etc., Well Preserved",,,,,,,,,"1,000-2,000"
2601,,,1937年上海寄本埠挂号封,,,,,,,,,, 1937年上海寄本埠挂号封，背贴北平版烈士像邮票10分一枚，销上海7月8日英中文日戳，有上海7月9日到达戳，封面另盖紫色“挂号 REGISTERED”中英文挂号戳及信差中文号码戳，封背残留挂号执据，1937年上海本埠挂号封不多见，保存较好,,,,,,,"1937 Registered Envelope from Shanghai to Local, bearing Peiping Print Martyrs Issue 10c, Cancelled by Postal Datemarks, Well Preserved",,,,,,,,,"800-1,200"
2602,,,1944年成都寄埃及改投英国航空封,,,,,,,,,, 1944年成都寄埃及改投英国航空封，贴中信版孙中山像邮票2元、百城一版孙中山像有齿邮票5元各一枚，销成都2月22日中英文点线戳，邮件经印度加尔各答中转，有印度中转及埃及到达戳；因收信人已去往英国，此件遂改寄英国，有英国3月30日机盖到达戳；邮件历经印度、埃及、英国军方多次检查，贴各地检查封条并盖检查戳，邮路清晰，保存完好，十分少见,,,,,,,"1944 Airmail Envelope from Chengdu to Egypt and Redelivered to Britain, bearing Central Trust Print Dr. Sun Yat-sen Issues 2yuan, 1st Bai Cheng Print Dr. Sun Yat-Sen Perf. Issues 5yuan, Cancelled by Postal Datemarks, Well Preserved",,,,,,,,,"5,000-6,000"
2603,,,1943年江山寄美国航空挂号封,,,,,,,,,, 1943年浙江江山寄美国纽约航空挂号封，贴中信版孙中山像广西加盖“改作伍角”邮票50分/16分、香港商务版烈士像邮票20分、香港中华三版孙中山像邮票10元、中信版孙中山像邮票1元各一枚，销江山3月14日英中文三格式戳，有重庆中转戳，另盖有迈阿密5月7日紫色挂号戳及纽约5月10日到达戳，封上贴有航空凭条及检查封条，保存完好,,,,,,,"1943 Registered Airmail Envelope from Chekiang to New York, Well Preserved",,,,,,,,,"4,000-5,000"
2604,,,1947年上海寄重庆航空欠资封,,,,,,,,,, 1947年上海寄重庆航空欠资封，背贴孙中山像加盖“国币”改值邮票20元/8分直五连、500元/20元一枚，上海大东一版孙中山像邮票100元横双连、重庆加盖“国币”航空邮票100元/2元直双连，合计邮资1000元，销上海11月13日中英文点线戳，因11月11日起国内航空信函邮资已调整为1500元，所贴邮票纳费不足，故邮局另盖“T欠资”戳，抵重庆后补贴上海大东版欠资邮票500元一枚，销重庆11月15日中英文点线戳，封口处一枚邮票剪半，因调资欠资封较少见,,,,,,,"1947 Airmail Postage Due Envelope from Shanghai to Chungking, Well Preserved",,,,,,,,,"2,400-3,500"
2605,,,1949年杭州寄上海明信片,,,,,,,,,,PS 1949年浙江杭州寄上海明信片，贴孙中山像永宁二次加盖“国币”改值邮票1000元/2元、上海永宁加盖“金圆”改值邮票5分/20元各一枚，上海三一加盖“金圆”改值邮票10分/40分二枚，销浙江杭州1月28日中文点线戳，有上海1月29日到达戳，属较晚使用之金圆、国币邮票混贴邮资明信片，少见，保存完好,,,,,,,"1949 Postage Postcard from Hangzhou to Shanghai, bearing Dr.Sun Yat-sen Issues Surcharged in National Currency 1000yuan/2yuan, Dr.Sun Yat-sen Issues Surcharged in “Gold Dollar “5c/20yuan, 10c/40c×2, Cancelled by Postal Datemarks, Well Preserved",,,,,,,,,"1,000-1,500"
2606,,,1949年四川乐山寄歇马场改投兴隆场金银圆邮资混用封,,,,,,,,,, 1949年四川乐山寄东川歇马场改投东川巴县兴隆场金银圆邮资混用封，贴重庆华南版孙中山像金圆邮票1000元一枚、印花税票上海永宁加盖改作“金圆”邮票100元/50元二枚，合国内平信金圆邮资1200元（根据中华邮政业字2177号通令，自1949年4月17日起，川、黔二省国内邮资按8折计收），销四川乐山徐家揙邮亭4月28日中文单线三格式戳，当日为金圆邮资使用之尾日，经重庆中转，盖重庆5月2日中转戳，有东川歇马场5月3日到达戳；此封因故贴转退条退回转口局重庆，盖重庆5月12日中转戳二枚（初将年分误置“卅七”，后更正置“卅八”字钉），后转投东川巴县兴隆场，补贴重庆华南版孙中山像金圆邮票500000元四枚、10000元八枚，计金圆208万元，合国内平信银元邮资4分（自1949年4月27日起，国内邮件邮资币制改为银元，1分银元合52万金圆），销东川巴县兴隆场5月24日中文点线戳；此封系刘道宜编著《中国邮资》封二图片原物，为民国金圆、银元邮资过渡时期的投递实例，存世极少，从一个侧面反映了金圆、银元这一特定历史时期邮资的频繁变化，以及国民政府晚期动荡崩溃的经济状况，极具邮政邮资史料价值，是此类专题邮集组集的绝佳素材，“四川乐山徐家揙邮亭”戳亦属少见，保存良好,,,,,,,"1949 Postage Mixed Envelope from Leshan to Dongchuan Xie Ma Chang and Redelivered to Ba Xian, bearing Chongqing Hua Nan Print Dr.Sun Yat-sen Issue in Gold Yuan 1000yuan, Revenue Stamps Converted into Gold Yuan Postage Stamps 100yuan/50yuan¡Á2, Chongqing Hua Nan Print Dr.Sun Yat-sen Issue in Gold Yuan 500,000yuan¡Á4, 10,000yuan¡Á8, Cancelled by Postal Datemarks, Rare, Well Preserved, Chinese Postage, Written by Liu Daoyi, 2nd Co",,,,,,,,,"35,000-40,000"
2607,,,1940年阿根廷寄北京退件封,,,,,,,,,, 1940年阿根廷布宜诺斯艾利斯寄北京退件封，贴阿根廷古典历史人物像邮票20分一枚，销阿根廷布宜诺斯艾利斯1940年11月6日机盖宣传戳，有北京（甲）1941年1月4日到达戳，信件因故无法投递退回原处，封面另盖“REBUT”、“AL REMITENTE”、“CLOSED”英文退信戳，盖北京（戊）1941年1月17日红色退信戳，有阿根廷布宜诺斯艾利斯1941年5月2日退件到达戳，此信往返邮程历时半年之久，少见，保存较好,,,,,,,"1940 Returned Envelope from Argentina to Peking, bearing Argentina Historical Figures Stamp 20c, Cancelled by Postal Datemarks, “REBUT”, “AL REMITENTE” and “CLOSED” Chops, Well Preserved",,,,,,,,,"1,200-1,800"
2608,,,1933年美国寄广州退件封,,,,,,,,,, 1933年美国博登敦寄广州退件封，贴美国乔治·华盛顿像邮票3分横双连，销美国博登敦镇9月2日机盖日戳，有广州10月22日到达戳；因查询不到收件人确切地址，邮局人员手写“无此街名”退回原处，封面盖英文文字及手指形退信戳，背另盖广州11月10日英文“中华邮政”方形退信戳，此戳式极少见，保存完好,,,,,,,"1933 Returned Envelope from U.S.A to Kwangchow, bearing George Washington Stamps 3c Horizontal Pair, Cancelled by Postal Datemarks and Returned Chops, Well Preserved",,,,,,,,,"1,500-2,000"
2609,*,,“大中华民国地图”玉版宣纸无齿试印样票十三枚全,,,,,,,,,,S 1912年中华民国共和纪念“大中华民国地图”玉版宣纸无齿试印样票十三枚全，均加盖“SPECIMEN”字样，北京财政部印刷局雕刻版印制，全套保存所见甚少，极其珍罕，上品<br>1912年中华民国成立，北京财政部印刷局奉交通部令，印制以“大中华民国地图”为主图案的开国后第一套纪念邮票，地图中中英文并列“大中华民国”与英文“The Republic Of China”字样，上框款铭“中华民国共和纪念”，底框铭英文“Chinese Republic Memorial Stamp”。该组邮票设计印刷十分精美，全套十三枚，比正式发行之光复、共和纪念邮票多出一枚十元高面额票。但是，邮票试样印妥后，袁世凯出任中华民国大总统，于是，“大中华民国地图”邮票暂停印制。对于纪念邮票之图案，当时国会内部存在南北两种意见，南派主张印孙中山像，北派则主张印袁世凯像，几经争议，最后折中为同时发行两套纪念邮票，即后来正式印行的孙中山肖像之光复纪念邮票、袁世凯肖像之共和纪念邮票。此套“大中华民国地图”邮票则销声匿迹，存世仅有极少量试印样票，成套保存目前所知不超过五套。<br>目前所发现的“大中华民国地图”试印样票共有以下四种形式：1.试模票，票上无“CENTS”和“DOLLARS”字样；2.试印票，无齿，印于玉版宣纸之上，刷色与后来印妥未发行者相同，十三种面值齐全；3.试色票，无齿，印于玉版宣纸之上，仅发现一分绿色、三分棕红色二种；4.印妥未发行票，有齿孔与背胶，全组十三枚，多加盖“作废”戳记。,,,,,,,"1912 Chinese Republic Memorial Stamps Imperf. Design Proof, Overprinted with “SPECIMEN ”, Complete Set of 13 pcs., Extremely Rare, VF",,,,,,,,,"650,000-750,000"
2610,,,西北科学考察团纪念邮票四枚全,,,,,,,,,,★1932年西北科学考察团纪念邮票四枚全，原胶轻贴，上中品,,,,,,,"1932 Northwest Scientific Expedition Commemorative Stamps, Complete set of 4 pcs., OG, LH, VF-F",,,,,,,,,
2611,,,西北科学考察团纪念邮票四枚全四方连,,,,,,,,,,★★1932年西北科学考察团纪念邮票四枚全四方连，原胶未贴，上中品,,,,,,,"1932 Northwest Scientific Expedition Commemorative Issues 4 complete block of 4, OG, UH, VF-F",,,,,,,,,"3,000-6,000"
2612,,,美国开国一百五十周年纪念邮票367枚,,,,,,,,,,★1939年美国开国一百五十周年纪念邮票三百六十七枚，绝大部分为成套连票并带边纸，部分背有黄斑，局部齿孔开裂，整体上中品（无图）,,,,,,,"1939 150th Anniversary of Founding of the U.S.A. Commemorative Issues, Total 367 pcs., VF-F (No Photo)",,,,,,,,,"1,000-2,000"
2613,,,平等新约纪念邮票连票17件,,,,,,,,,,★1945年平等新约纪念邮票连票一组十七件，共计六百六十六枚，少量成套，其中含十二件五十枚方连，均带边纸、厂铭、版号或色标，背粘衬纸，局部齿孔开裂、边纸微损，整体中上品,,,,,,,"1945 Equal Treaties Commemorative Issues Multiples, Total 666 pcs., most are Block of 50, with Margins, Printing House Inscription, Cylinder Numbers or Color Control Patch, F-VF",,,,,,,,,"1,000-2,000"
2614,,,林故主席纪念邮票连票18件,,,,,,,,,,★1945年林故主席纪念邮票连票一组十八件，共计八百八十四枚，大部分为五十枚方连，少部分成套，均带边纸及色标并背粘衬纸，局部齿孔开裂，部分边纸微损或泛黄，整体上中品,,,,,,,"1945 Lin Gu President Commemorative Issues Multiples, Total 884 pcs., most are Block of 50, with Margins and Color Control Patch, VF-F",,,,,,,,,"1,000-2,000"
2615,,,行动邮局、招商局七十五周年纪念邮票四枚全各50套,,,,,,,,,,★1947年行动邮局及邮亭邮票、1948年国营招商局七十五周年纪念邮票四枚全各五十套，计五十枚全张八件，部分边纸泛黄或微损，整体上中品,,,,,,,"1947-1948 Mobile Post Office and Postal Kiosk Stamps 4 Complete, 75th Anniv. Of China Merchants Steam Navigation Company Stamps 4 Complete, 8 Complete Sheets of 50 pcs., VF-F",,,,,,,,,"1,000-1,500"
2616,,,纪念、特种、附捐、航空、限地方贴用邮票82枚,,,,,,,,,,★1921-1939年纪念、特种、附捐、航空、限地方贴用邮票一组八十二枚，计十六个品种，均成套，包括：（1）中华邮政开办二十五年、谭院长、新生活运动、国民政府统一、孙总理国葬、陆海军大元帅就职纪念邮票，另美国开国一百五十周年纪念加盖“SPECIMEN”打孔样票为参考品；（2）节约建国特种邮票小全张；（3）赈济难民附捐邮票小全张；（4）北京一版、北京二版航空邮票；（5）北京一版帆船“限新省贴用”偏“限”字、国民政府统一纪念“新疆贴用”、陆海军大元帅就职“新疆贴用”及“吉黑贴用”、中华邮政开办二十五年纪念“新疆贴用”邮票，整体上中品,,,,,,,"1921-1939 Commemorative Stamps, Special Stamps, Surtax Stamps, Airmail Stamps and “Restricted for Use” Stamps, Total 82 pcs., VF-F",,,,,,,,,"1,000-2,000"
2617,,,储金、纪念、特种、附捐、航空、限地方贴用、伪政权等邮票连票200余枚,,,,,,,,,,★1940-1949年储金、纪念、特种、附捐、航空、限地方贴用、伪政权等邮票连票一组二百余枚，计十六个品种，均成套，包括：（1）邮政储金图邮票；（2）平等新约、林故主席、蒋主席六轶寿辰、邮政纪念日邮票展览、教师节、国际联邮会七十五周年纪念邮票；（3）节约建国特种邮票、北平风景图银圆邮票；（4）“资助防痨”附捐邮票；（5）北平三版航空、上海版航空、重庆加盖“国币”航空改值邮票；（6）蒋主席六轶寿辰纪念台湾贴用邮票；（7）伪蒙疆地区“蒙古政府成立五周年纪念”邮票；（8）华中沦陷区还都四周年纪念加盖“暂售”邮票，均为双连或四方连，部分带边纸、厂铭及版号，整体上中品,,,,,,,"1940-1949 Regular Stamps, Commemorative Stamps, Special Stamps, Airmail Stamps and Surtax Stamps Multiples, more than 200 pcs., VF-F",,,,,,,,,"1,000-2,000"
2618,,,节约建国特种邮票小全张未裁切直双连,,,,,,,,,,M/S 1941年节约建国特种邮票小全张未裁切直双连一件，极为罕见，上中品,,,,,,,"1941 Austerity Movement for Reconstruction Miniature Sheets, Uncut Vertical Pair, Rare, VF-F",,,,,,,,,"5,000-8,000"
2619,,,1943年昭通寄昆明挂号封,,,,,,,,,, 1943年云南昭通寄昆明挂号封，贴国内挂号单位邮票、节约建国邮票50分各一枚，销云南昭通2月18日英中文三格式戳，收信人为云南省政府主席龙云，另盖红色云南省政府收发所章，背有昆明（云南府）2月26日到达戳，保存完好<br>龙云（1884～1962年），字志舟，原名登云，彝族，云南省昭通市昭阳区炎山乡人。中华民国大陆时期国民党滇军高级将领，国民革命军陆军二级上将，云南省国民政府主席，云南陆军讲武堂校长。,,,,,,,"1943 Registered Envelope from Zhaotong to Kunming, Addressee is Yunnan Province Chairman Longyun, bearing “Domestic Registration” Unit Postage Stamp, Austerity Movement for Reconstruction Stamp 50c, Cancelled by Postal Datemarks, with Yunnan Provincial Government Red Transceiver Seal, Rare, Well Preserved",,,,,,,,,"1,000-1,500"
2620,,,民国中美航空运邮宣传海报,,,,,,,,,,PS 民国时期中美航空运邮宣传海报一张，尺寸：48×33厘米，使用硬纸卡印制，印刷内容包括中美航空邮运航线、收发邮件时间、邮费明细等，同时印有承担邮件运输的中国“飞剪号”飞机照片，是研究中美航空邮政的珍贵史料，少见，保存完好,,,,,,,"ROC Postal Transportation Poster of Sino-American Airlines, Size: 48¡Á33cm, Rare, Well Preserve",,,,,,,,,
2621,,,1931年南京寄德国首航封,,,,,,,,,,FFC 1931年南京寄德国柏林首航封，贴北京二版航空邮票45分、60分、90分及北京二版帆船邮票5分、20分各一枚，合国际航空邮资2.2元，销“国际航空邮运创办纪念 南京 二十年五月卅一日”首航纪念戳，下方盖柏林红色航空纪念邮戳，背有柏林6月11日到达戳，保存完好,,,,,,,"1931 First Flight Cover from Nanjing to Berlin, bearing 2nd Beijing Print Air-Mail Stamps 45c, 60c, 90c, 2nd Beijing Print Junk Stamps 5c, 20c, Cancelled by Air Commemorative Postmarks, Well Preserved",,,,,,,,,
2622,,,1948年“国内航平邮资已付”航空邮简3件,,,,,,,,,,PS 1948年中华邮政“国内航平邮资已付”航空邮简三件，其中二件为斜纹印刷，改作公安部门报案材料转移单，并打有存档圆孔，含左侧纵向一道折白一件；另波浪条纹印刷一件，均保存完整,,,,,,,"1948 China Postal Service “Domestic Airmail Postage Paid” Aerogrammes, Total 3 pcs., Well Preserved",,,,,,,,,"800-1,500"
2623,,,1927年英国寄上海欠资封,,,,,,,,,, 1927年英国福克斯通寄上海欠资封，贴英国乔治五世像邮票2.5便士一枚，销英国福克斯通11月15日邮政日戳；因所纳邮资不足，抵上海后补贴北京一版欠资邮票4分三枚，销上海12月2日英中文单线三格式戳，有上海同日到达戳，因信封寄达时破损严重，另贴邮局代封票七枚，并盖邮局紫色“RECEIVED BROKEN AND OFFICIALLY RESEALED”英文收到已破损长条形章，欠资票与代封票贴于一封者甚少见,,,,,,,"1927 Postage Due Envelope from Falk Stone to Shanghai, Rare",,,,,,,,,"5,500-7,000"
2624,,,1919年美国寄厦门改投上海欠资封,,,,,,,,,," 1919年美国纽约寄厦门改投上海欠资封，销美国纽约3月1日机盖日戳，有厦门4月6日到达戳；由于纳资不足，纽约邮局盖“T”字圆形欠资戳及“Postage due 4 cents.Seattle,wash.”英文欠资戳；信件到达中国后，因收件人不在厦门而改投上海，邮局于封背加贴英文邮件欠资单据，注明欠资20分，并盖“T”字菱形、圆形欠资戳；抵达上海后，邮局补贴北京一版欠资邮票10分二枚，销上海邮局4月12日中英文小圆戳；后又因收件人拒绝收信，邮局于封面盖“REFUSE”英文退件戳，并在欠资单据上手写“NOT WANTED”字样，作退件处理，再经过约一个月的暂缓处置期，最终仍无人领取，遂盖上海死信处6月11日英文方形、紫色手指形退信戳退往美国，邮路清晰，保存较好",,,,,,,"1919 Postage Due Envelope from New York to Amoy and Redelivered to Shanghai, Well Preserved",,,,,,,,,"1,500-2,000"
2625,,,1945年广州寄本埠欠资封,,,,,,,,,, 1945年广州寄本埠欠资封，贴孙中山像加盖“暂售”改值邮票2元/5分一枚，销广州3月23日中英文点圈实格式戳，因所纳邮资不足，另盖“T欠资”戳，并补贴香港版欠资无齿邮票2元四枚、有齿邮票1元及2元各一枚，销广州3月24日中英文实圈点格式戳，保存完好,,,,,,,"1945 Postage Due Envelope from Kwangchow to Local, Well Preserved",,,,,,,,,"2,000-3,000"
2626,,,1954年上海电讯局寄本埠电信公事改退封,,,,,,,,,, 1954年上海电讯局寄本埠电信公事改退封，背盖上海（支一）2月10日投递戳，另盖“电信公事”文字戳，有上海2月11日到达戳，此信因收件人查询无果，无法投递，退回原处，盖“非廿一局（乙）”长方形戳，有上海2月12日邮政日戳及2月14日退件到达戳，另盖信差中文号码戳，背面残留退件批条，保存较好,,,,,,,"1954 Returned Official Envelope from Shanghai Telecommu-nications Bureau to Local Telecommunications Division, Well Preserved",,,,,,,,,
2627,,,1915年上海寄英国第一版帆船图4分国际邮资明信片,,,,,,,,,,PS 1915年上海寄英国伦敦第一版帆船图4分国际邮资明信片，销上海1月26日英中文腰框戳，旁盖上海1月26日、1月27日中英文小圆戳；明信片右下角厂铭复印，极为少见，保存完好,,,,,,,"1915 1st Print Junk International Postage 4c Postcard from Shanghai to London, Cancelled by Postal Datemarks, Well Preserved",,,,,,,,,"3,000-4,000"
2628,,,1917年榆林府寄上海第二版帆船图1分邮资明信片回片,,,,,,,,,,PS 1917年陕西榆林府寄上海第二版帆船图1分邮资明信片回片，销榆林府5月4日英中文腰框戳，经太原府中转，盖太原府5月9日中转戳，抵达上海后盖上海5月12日、5月13日中英文日戳，回片实寄者较少见，保存完好,,,,,,,"1917 2nd Print Junk Postage 1c Postcard Reply from Shaanxi Yulin to Shanghai, Cancelled by Postal Datemarks, Well Preserved",,,,,,,,,"800-1,200"
2629,,,1920年成都府寄自流井第二版帆船图1分邮资明信片,,,,,,,,,,PS 1920年四川成都府寄自流井第二版帆船图1分邮资明信片，加贴北京一版帆船邮票半分一枚，合外埠明信片邮资1.5分，销成都府3月28日英中文腰框戳，有自流井3月31日到达戳，保存完好,,,,,,,"1920 2nd Print Junk Postage 1c Postcard from Chengdu to Zi Liu Jing, bearing 1st Peking Print Junk Issue 0.5c, Cancelled by Postal Datemarks, Well Preserved",,,,,,,,,"500-1,000"
2630,,,1935年中华邮政邮局计费单20件,,,,,,,,,,PS 1935年中华邮政邮局计费单一组二十件，大部分贴用北京二版帆船邮票，少数贴用伦敦一版孙中山像邮票、伦敦二版孙中山像邮票、烈士像邮票，含部分高值票，均销上海日戳，单据对剖剪半，保存较好,,,,,,,"1935 Postage Paid Chop Billings, Total 12 pcs., bearing 2nd Beijing Print Junk Issues, 1st and 2nd London Print Dr.Sun Yat-sen Issues, Martyr Issues, Cancelled by Shanghai Postal Datemarks, Well Preserved",,,,,,,,,"2,000-3,000"
2631,,,1933年迪化邮局汇上海邮政管理局汇票核对据,,,,,,,,,,PS 1933年新疆迪化邮局汇上海邮政管理局汇票核对据一件，销迪化1月25日英中文腰框戳，背盖绿色新疆5月20日圆形戳、5月22日长方形戳及紫色“邮政公事”戳，另凿针孔“CANCELED”并打孔，少见，保存完好,,,,,,,"1933 Checking Document of Post Office Money Order from Dihua to Shanghai, Cancelled by Postal Datemarks and “Postal Official Affairs” Chop, Rare, Well Preserved",,,,,,,,,
2632,,,1949年贵州地区中华邮政国内汇票单据2件,,,,,,,,,,PS 1949年贵州地区中华邮政国内汇票单据二件，分别为：（1）汇票核对据，贴蓝色木戳加盖“银圆贵州邮区”汇兑印纸5元一枚，销毕节邮政储金8月12日中文三格式戳，有贵州安顺8月18日到达戳；（2）汇票，贴宝塔图汇兑印纸加盖改作10万元二十枚，销贵阳邮政储金5月28日中文三格式戳，有叙永邮政储金6月22日兑付日戳，保存完好,,,,,,,"1949 Checking Document of China Post Service Silver Dollar Domestic Draft Used in Kweichow, bearing Remittance Stamp Overprinted with “Silver Dollar Kweichow Postal District” 5yuan, Cancelled by Postal Datemarks, Well Preserved",,,,,,,,,"1,000-1,500"
2633,,,1915年广东邮政收件回执2件,,,,,,,,,,PS 1915年广东邮政收件回执二件，其中一件盖大沙头、东莞县、广州府邮政日戳；另件盖大沙头、大良、广州府、东马宁邮政日戳，均保存完好,,,,,,,"1915 Receipts of Kwangtung Post Recipients, Total 2 pcs., Cancelled by Postal Datemarks, Well Preserved",,,,,,,,,"3,000-4,000"
2634,,,香港版孙像、烈士像加盖“限冀省贴用”、“限鲁省贴用”邮票33枚,,,,,,,,,,★★1941年香港版孙中山像、烈士像加盖“限冀省贴用”邮票十七枚全（Chan JNU18-34）；加盖“限鲁省贴用”邮票十六枚全（Chan JNU35-50），均原胶未贴，林崧旧藏，上中品,,,,,,,"1941 Hongkong Print Sun Yat-sen Issues, Martyrs Issues Stamps, overprinted with “Restricted for use in Hebei”,17 Complete (Chan JNU 18-34), with “Restricted for use in Shantung”,16 Complete (Chan JNU 35-50), Total 33 pcs., OG, UH, VF-F, Linsong Collection",,,,,,,,,"20,000-30,000"
2635,,,上海大东版加盖“福州”单位邮票四枚全四方连,,,,,,,,,,★1949年上海大东版加盖“福州”单位邮票四枚全四方连，色彩鲜艳，整体上中品,,,,,,,"1949 Shanghai Da Dong Print Unit Postage Stamps Overprinted with “Foochow”, Complete set of 4 pcs., Block of 4, VF-F",,,,,,,,,"1,000-2,000"
2636,,,西藏第三版普通无齿邮票1/2章噶十二枚全张,,,,,,,,,,★1933年西藏第三版普通无齿邮票1/2章噶十二枚全张一件，附1993年德国KURT H.DAHNKE鉴定证书，上中品,,,,,,,"1933 Tibet 3rd Print Regular Issues 1/2t, Complete Sheet of 12 pcs., with 1989 Identification Certificate of KURT H.DAHNKE, VF-F",,,,,,,,,"2,000-3,000"
2637,,,西藏第三版普通无齿邮票4章噶十二枚全张,,,,,,,,,,○1933年西藏第三版普通无齿邮票4章噶十二枚全张一件，销西藏拉萨藏英文双圈大圆日戳，附1989年德国KURT H.DAHNKE鉴定证书，上中品,,,,,,,"1933 Tibet 3rd Print Regular Issues 4t, Complete Sheet of 12 pcs., Cancelled by Postal Datemarks, with 1989 Identification Certificate of KURT H.DAHNKE, VF-F",,,,,,,,,"2,000-3,000"
2638,,,1949年昆明寄广州改投重庆航空快递封,,,,,,,,,, 1949年昆明寄广州改投重庆航空快递封，背贴孙中山像“滇省贴用”改作半开银元邮票30分/20元横三连，销昆明9月13日中英文点圈实格式戳，经东川中转，盖东川中转戳，抵达广州盖9月18日到达戳，后因故改投重庆，封面另贴手写之转寄批条，上盖广州9月19日投递戳及信差号码戳，有重庆9月21日到达戳，保存完好,,,,,,,"1949 Airmail Express Envelope from Kunming to Kwangchow and Redelivered to Chungking, bearing Dr.sun Yat-sen Issue Overprinted with “for Use in Yunnan” and Surcharged in Yunnan Currency 30c/20yuan Horizontal Strip of 3, Cancelled by Postal Datemarks, Well Preserved",,,,,,,,,"2,000-3,000"
2639,*,,伪满洲国邮票180余枚,,,,,,,,,,★○1932-1945年伪满洲国邮票一组一百八十余枚，包括：（1）1932年交通部邮务司印制《满洲国邮票》装帧纪念册一册，内贴第一版普通邮票十八枚全，另贴第一版普通邮资明信片1分、2分、15分三枚全套，印行数量较少；（2）1936年交通部邮务司印制《满洲国邮票》装帧纪念册一册，内贴第四版普通邮票、通邮邮票、航空邮票计二十一枚；（3）伪满洲国普通、通邮、纪念、特种邮票一百四十余枚，部分贴于集邮贴片之上，新旧参半，部分成套，整体上中品,,,,,,,"1932-1945 Puppet Manchuria Stamps and Postage Postcards, more than 180 pcs., VF-F",,,,,,,,,
2640,*,,“满洲帝国邮政邮票册”小本票,,,,,,,,,,PS 1936-1937年伪满洲国交通部发行“满洲帝国邮政邮票册”小本票一册，内原装第四版普通邮票2分六方连十件，不多见，上中品,,,,,,,"1937 Puppet Manchuria Stamps Booklet, incuding 4th Print Ordi-nary Issues 2c, 10 Blocks of 6 pcs., VF-F",,,,,,,,,
2641,*,,1941-1945年贴伪政权及限地方贴用邮票实寄封7件,,,,,,,,,, 1941-1945年贴伪政权及限地方贴用邮票实寄封一组七件，分别贴华北沦陷区加盖小字及大字邮区（地区）名邮票、华北邮政局成立七周年纪念邮票、伪蒙疆地区加盖“蒙疆”半值邮票、孙中山像“蓉”区贴用单位邮票，销太原、阳曲、济南、宣化、天津、宜宾邮政日戳及国民政府还都华北政务委员会成立二周年纪念戳，部分以快信、挂号寄递，均有到达戳，保存较好,,,,,,,"1941-1945 Delivered Envelopes bearing Puppet Regime Issues and “Restricted for Use” Issues, Total 7 pcs., Well Preserved",,,,,,,,,"1,000-2,000"
2642,,,东北区第一版毛泽东像无齿邮票2元、5元、10元四方连各一件,,,,,,,,,,★1946年东北区第一版毛泽东像无齿邮票2元、5元、10元四方连各一件，上中品,,,,,,,"1946 Northeast Region 1st Print Mao Zedong Imperf. Issues 2yuan, 5yuan, 10yuan, Block of 4, VF-F",,,,,,,,,"1,000-1,500"
2643,,,东北区第一版毛泽东像无齿邮票10元六方连2件,,,,,,,,,,★1946年东北区第一版毛泽东像无齿邮票10元六方连二件，为小本票内页，边纸局部轻折，上中品,,,,,,,"Northeast Region 1st Print Mao Zedong Imperf. Issues 10yuan, 2 Blocks of 6, VF-F",,,,,,,,,"1,500-2,000"
2644,,,东北区七七抗战十周年纪念邮票小全张,,,,,,,,,,M/S 1947年东北区七七抗战十周年纪念邮票小全张一枚，上中品,,,,,,,"1947 Northeast China Region “10th Anniv. of War Against Japanese Aggression on July 7” Miniature Sheet, VF-F",,,,,,,,,"1,000-2,000"
2645,,,东北区七七抗战十周年纪念邮票小全张,,,,,,,,,,M/S 1947年东北区七七抗战十周年纪念邮票小全张一枚，上下棕色文字及100元邮票图案透印，上中品,,,,,,,"1947 Northeast China Region “10th Anniv. of War Against Japanese Aggression on July 7” Miniature Sheet, VF-F",,,,,,,,,"1,500-2,500"
2646,,,东北区中华人民共和国成立纪念邮票35元二枚,,,,,,,,,,★1949年东北区中华人民共和国成立纪念邮票35元二枚，上中品,,,,,,,"1949 Northeast Region Commemorative Stamps of the founding of People's Republic of China 35yuan, Total 2 pcs., VF-F",,,,,,,,,"500-1,000"
2647,,,西北区新疆伊塔阿区劳动人民图邮票50元二十枚全张,,,,,,,,,,★1949年西北区新疆伊塔阿区劳动人民图邮票50元二十枚全张，上中品,,,,,,,"1949 Northwest China Region Xinjiang Laboring People Stamps 50yuan, Complete Sheet of 20 pcs., VF-F",,,,,,,,,"2,500-3,500"
2648,,,苏中区南通加盖“改作便邮”邮票紫字（D II）/1角“印”,,,,,,,,,,★1945年苏中区南通加盖“改作便邮”邮票紫字（D II）/1角“印”一枚，加盖倒盖，有黄斑，少见，上中品,,,,,,,"1945 Central Jiangsu Region Overprinted with “Changed to Ordinary Mail” at Nantong Issue (DII)/10c “印”, Surch. inverted, VF-F",,,,,,,,,
2649,,,华东区山东邮政第三版毛泽东像有齿邮票50元六十四枚全张,,,,,,,,,,★1947年华东区山东邮政第三版毛泽东像有齿邮票50元六十四枚全张，习称“青州一版毛泽东像邮票”，上中品,,,,,,,"1947 East China Region 3rd Print Mao Zedong Perf. Issues 50yuan, Complete Sheet of 64 pcs., VF-F",,,,,,,,,
2650,,,华东区第三版毛泽东像加盖“胶东”改值邮票二十枚方连、三十枚方连各一件,,,,,,,,,,★1948年华东区山东邮政第三版毛泽东像加盖“胶东”改值邮票500元/10元二十枚方连、800元/20元三十枚方连各一件，上中品,,,,,,,"1948 East China Region 3rd Print Mao Zedong Issues Overp-rinted with “Jiaodong” and Surcharged 500yuan/10yuan, Block of 20 pcs., 800yuan/20yuan, Block of 30 pcs., VF-F",,,,,,,,,
2651,,,华东区第三版毛泽东像邮票2000元二百枚全张,,,,,,,,,,★1949年华东区第三版毛泽东像邮票2000元二百枚全张，中间齿孔对折，边纸微损，局部有黄斑，上中品,,,,,,,"1949 East China Region 3rd Print Mao Zedong Issues 2000yuan, Complete Sheet of 200 pcs., VF-F",,,,,,,,,
2652,,,华东区孙像加盖“华东邮政 京 暂作”改值邮票二枚全990套,,,,,,,,,,★1949年华东区孙中山像加盖“华东邮政 京 暂作”改值邮票二枚全九百九十套，即一百九十八枚连票十件，均中间齿孔对折，局部边纸有损、齿孔开裂或有黄斑，整体上中品,,,,,,,"1949 East China Region Dr. Sun Yat-sen Issues Surcharged in “East China Post Jing Temporarily Used for” 2 Complete, 10 Multiples of 198 pcs., Total 990 Sets, VF-F",,,,,,,,,"5,000-6,000"
2653,,,华东区第二次加盖“华东邮政”改值包裹印纸四枚全八方连,,,,,,,,,,★1949年华东区第二次加盖“华东邮政”改值包裹印纸四枚全八方连，均带边纸，上中品,,,,,,,"1949 East China Region Parcel Post Issues Over-printed with “East China Post” and Surcharged for 2nd Time 4 Complete, Block of 8, with Margins, VF-F",,,,,,,,,"3,000-4,000"
2654,,,中南区中原第二版毛泽东像有齿邮票10元四十五枚方连、四十九枚方连各一件,,,,,,,,,,★1949年中南区中原第二版毛泽东像有齿邮票10元四十五枚方连、四十九枚方连各一件，习称“郑州版毛泽东像邮票”，其中四十九枚方连左上角一个方连为复组粘接，上中品,,,,,,,"1949 Central-South Region 2nd Print Mao Zedong Perf. Issues 10yuan, Block of 45 pcs., Block of 49 pcs., VF-F",,,,,,,,,
2655,,,解放区毛泽东像及其加盖改值邮票130余枚,,,,,,,,,,★○1945-1949年解放区毛泽东像及其加盖改值邮票一组一百三十余枚，包括：（1）华北区：晋察冀边区毛泽东像、晋冀鲁豫边区毛泽东像、毛泽东像加盖“华北人民邮政”改值、晋绥边区第一版及第二版毛泽东像、中国共产党诞生二十八周年纪念邮票；（2）华东区：抗日民族战争胜利纪念及其铅字手盖单行“元”字改值、毛泽东像加盖“渤”改值、山东邮政第一版毛泽东像、山东邮政第三版毛泽东像加盖“胶东”改值、山东邮政第三版毛泽东像铅字机盖双直行改值、华东第一二三版毛泽东像邮票；（3）东北区：中国共产党二十六周年纪念、中国共产党二十八周年纪念、中华人民共和国成立纪念、第二版及第五版毛泽东像、毛泽东像第六次加盖“改作”改值邮票；（4）中南区：中原第二版毛泽东像邮票；（5）西北区：毛泽东像邮票；绝大部分为新票，品种多样，整体上中品,,,,,,,"1945-1949 Liberated Areas Mao Zedong Issues and Overprinted and Surcharged Stamps, more than 130 pcs., VF-F",,,,,,,,,"1,000-2,000"
2656,,,解放区邮票230余枚,,,,,,,,,,★○1945-1949年解放区邮票一组二百三十余枚，包括：（1）华北区：加盖“晋察冀暂用”、抗战胜利纪念（小型）、加盖“华北邮电暂作邮票”改值、军队向前进生产长一寸图、加盖“华北人民邮政 改作（角、元）”改值、加盖“华北人民邮政 暂用”改值、生产图、天安门图邮票；（2）东北区：九一八纪念、第三版毛泽东像、生产图、“八一五”四周年纪念、生产建设图、第六次加盖“改作”改值、庆祝苏联建军节卅周年纪念邮票；（3）西北区：宝塔山图、长城图邮票；（4）华东区：胶东抗日烈士纪念塔图、第一版交通工具图、山东二七建邮七周年纪念、淮海战役胜利纪念、南京上海解放纪念、交通工具图、中国人民解放军廿二周年纪念、第三版毛泽东像、加盖“改作”改值、加盖“华东邮政 京 暂作”改值邮票；（5）中南区：加盖“华中邮政暂用”改值、工农兵图、五星工农标识图、武汉解放纪念、加盖“江西改作人民币”改值、广州解放纪念邮票；（6）西南区：人民解放军进军图、第二次加盖“改作”改值邮票等，大部分为新票，少量成套，整体上中品,,,,,,,"1945-1949 Liberated Areas Stamps, more than 230 pcs., VF-F",,,,,,,,,
2657,,,解放区邮票1380余枚,,,,,,,,,,★○△1943-1949年解放区邮票一组一千三百八十余枚，包括：<br>（1）华北区：晋察冀边区抗战胜利纪念（小型）、晋冀鲁豫边区交通徽地球图、军队向前进生产长一寸图、生产图、加盖“华北人民邮政”改值、五一国际劳动节纪念、中国共产党诞生二十八周年纪念邮票，汇兑印纸加盖“华北”改值包裹印纸；<br>（2）东北区：第五版毛泽东像、生产建设图、中国地图、纪念“八一五”、“二七”二十四周年纪念、三八国际妇女节纪念及其加盖“东北邮政”、四四儿童节纪念、五一世界劳动节纪念、七七抗战十周年纪念、李兆麟将军三九被难二周年纪念、五四青年节纪念、庆祝第六次全国劳动大会纪念、中国共产党二十八周年诞生纪念、“八一五”四周年纪念、纪念国际五一劳动节邮票；<br>（3）华东区：山东战邮第二版朱德像、胶东抗日烈士纪念塔图、山东邮政铅字机盖双直行加盖改值、交通工具图、山东二七建邮七周年纪念及其加盖“邮”、淮海战役胜利纪念、南京上海解放纪念、中国人民解放军廿二周年纪念、第三版毛泽东像、加盖“中华人民邮政华东区”改值、第三次加盖“华东邮政”改值包裹印纸、加盖“华东人民券”改值、加盖“华东邮政 京 暂作”改值、加盖“华东邮政 杭 暂作”改值邮票；<br>（4）中南区：加盖“华中邮政暂用”改值、工农兵图、五星工农标识图、加盖“江西人民邮政 改作”改值、广州解放纪念邮票；<br>（5）西南区：人民解放军进军图、加盖“东川”、第二次加盖“改作”改值邮票；<br>（6）西北区：宝塔山图及其加盖、毛主席像长城图、加盖“人民邮政（陕）”单位、加盖“陕西人民邮政”、加盖“人民邮政（甘）”邮票等；大多数为新票，部分成套，其中含少量剪片，少数邮票为连票或带边纸、厂铭，数量庞大，种类繁多，作为解放区邮票的基础收藏颇具规模，含少数参考品，整体中上品（无图）,,,,,,,"1943-1949 Liberated Areas Stamps, more than 1380 pcs., F-VF (No Photo)",,,,,,,,,"2,000-4,000"
2658,,,解放区邮票800余枚,,,,,,,,,,★○1949年解放区邮票一组八百余枚，包括：（1）华北区：生产图邮票；（2）东北区：“五一”国际劳动节纪念、中国共产党二十八周年诞生纪念、生产建设图邮票；仅数枚旧票，其余基本为新票；（3）华东区：中国人民解放军廿二周年纪念、淮海战役胜利纪念、山东二七建邮七周年纪念、南京上海解放纪念、第一版及第二版交通工具图、第三版毛泽东像邮票；（4）中南区：广州解放纪念、第一版及第二版工农兵图、第一版及第二版五星工农标识图邮票；（5）西南区：西南解放纪念、人民解放军进军图邮票；（6）西北区：长城图邮票，整体上中品（无图）,,,,,,,"1949 Liberated Areas Stamps, more than 800 pcs., most are Unused, VF-F (No Photo)",,,,,,,,,"500-1,000"
2659,,,1949年北平寄上海中式封,,,,,,,,,, 1949年北平寄上海中式封，收信人为四十年代末期上海著名集钞家蒋清如，贴华北区孙中山像加盖“华北人民邮政 暂作（元）”改值邮票2元/20分、4元/5元各一枚，合国内平信邮资6元，销北平4月10日中英文点线戳，有上海4月18日到达戳及信差中文号码戳，另贴邮票公司封条，保存完好,,,,,,,"1949 Chinese Style Envelope from Peking to Shanghai, bearing North China Region Dr. Sun Yat-sen Issues Surcharged in “North China People’s Post Temporarily Used for (Yuan)” 2yuan/20c, 4yuan/5yuan, Cancelled by Postal Datemarks, Well Preserved",,,,,,,,,"800-1,200"
2660,,,1949年山西介休寄榆次中式封,,,,,,,,,, 1949年山西介休寄榆次中式封，贴华北区中国共产党诞生二十八周年纪念邮票50元、北平中央二版孙中山像限东北贴用加盖“华北人民邮政 暂作（圆）”改值邮票50元/109元各一枚，销山西介休（代二）11月1日代办戳，保存完好,,,,,,,"1949 Chinese Style Envelope from Jiexiu to Yuci, bearing North China Region 28th Anniv. Of Communist Party of China Stamp 50yuan, Dr. Sun Yat-sen Issue Surcharged in “North China People’s Post Temporarily Used for (Yuan)” 50yuan/109yuan, Cancelled by Postal Datemarks, Well Preserved",,,,,,,,,"2,000-2,500"
2661,,,1949年抚顺裸寄沈阳印刷品,,,,,,,,,, 1949年安东抚顺裸寄沈阳印刷品，贴东北区第二版毛泽东像邮票500元一枚，销安东抚顺3月4日中文三格式戳，有沈阳同日到达戳，印刷品一面油印抚顺零售价格变动表，保存完好,,,,,,,"1949 Envelope from Fushun to Shenyang, bearing Northeast Region 2nd Print Mao Zedong Issue 500yuan, Cancelled by Postal Datemarks, Well Preserved",,,,,,,,,
2662,,,1949年松江省寄文水中式封,,,,,,,,,, 1949年松江省拉林寄山西文水中式封，贴东北区第五版毛泽东像邮票1500元一枚，销松江省拉林4月17日邮政日戳，有山西文水4月22日到达戳，封面另盖红色“拉林裕兴源”木刻碑形戳，松江省实寄封少见<br>松江省为民国时期东北九省之一，简称“松”，省会牡丹江。1954年6月19日，撤销松江省建制，并入黑龙江省。,,,,,,,"1949 Chinese Style Envelope from Songjiang to Shanxi, bearing Northeast Region 5th Print Mao Zedong Issue 1500yuan, Cancelled by Postal Datemarks, Rare",,,,,,,,,"1,800-2,500"
2663,,,1949年辽宁裸寄沈阳印刷品,,,,,,,,,, 1949年辽宁裸寄沈阳印刷品，贴东北区第五版毛泽东像邮票500元一枚，销辽宁10月26日中文三格式戳，另盖红色“印刷品”戳，有沈阳到达戳，印刷品一面印刷东北普兰店五日物价表，保存完好,,,,,,,"1949 Price List from Liaoning to Shenyang, bearing Northeast Region 5th Print Mao Zedong Issue 500yuan, Cancelled by Postal Datemarks and “Printed Matter” Red Chop, Well Preserved",,,,,,,,,"1,000-1,500"
2664,,,1949年湖北寄上海西式封,,,,,,,,,, 1949年湖北寄上海西式封，背贴华中区武汉解放纪念无齿邮票70元、第一版工农兵图邮票30元各一枚，销湖北滠口神学院11月10日中文点线戳，有上海11月16日到达戳及信差号码戳，神学院邮戳少见，戳内“49”、“卅八”双年份尤为珍罕，保存较好,,,,,,,"1949 Western Style Envelope from Hupeh to Shanghai, bearing Central and South China Region Liberation of Wuhan Imper. Stamp 70yuan, 1st Print Workers, Peasants and Soldiers Stamp 30yuan, Cancelled by Postal Datemarks, Rare, Well Preserved",,,,,,,,,"3,000-4,000"
2665,,,1950年寄国外实寄封2件,,,,,,,,,, 1950年寄国外实寄封二件，分别为：（1）上海寄加拿大航空封，贴华东区第三版毛泽东像邮票200元四枚、华北区生产图邮票5000元及10000元各一枚，销上海5月5日中英文点线戳，合国际航空邮资15800元；（2）武昌寄瑞典西式封，贴华东区第三版毛泽东像邮票1000元三枚、华中区第二版工农兵图邮票100元一枚，合国际平信邮资3100元，销武昌4月28日中英文点圈实格式戳，保存较好,,,,,,,"1950 Airmail Envelope from Shanghai to Canada, bearing East China Region 3rd Print Mao Zedong Issues 200yuan¡Á4, North China Region Production Design Issues 5000yuan, 10000yuan, Cancelled by Postal Datemarks, Well Preserve",,,,,,,,,
2666,,,普2邮票10000元五十枚全张十件连号,,,,,,,,,,★1950年普2邮票10000元五十枚全张十件连号，上中品,,,,,,,"1950 R2 “Regular Stamps with Design of Tian An Men (2nd Print)” 10000yuan, Complete Sheet of 50×10, VF-F",,,,,,,,,"2,000-2,500"
2667,,,普13邮票3分二百枚全张21件,,,,,,,,,,★1964年普13邮票3分“中国人民革命军事博物馆”二百枚全张二十一件，共计四千二百枚，少数边纸有黄斑，或齿孔开裂，整体上中品,,,,,,,"1964 R13 Regular Stamps with Design of Buildings in Beijing 3c, Complete Sheet of 200¡Á21, Total 4200 pcs., VF-",,,,,,,,,
2668,,,普无号邮票5分一百五十枚全张7件,,,,,,,,,,★1970年普无号邮票5分“女拖拉机手”一百五十枚全张七件，共计一千零五十枚，均对折，少数边纸有黄斑、折痕或小裂口，整体上中品,,,,,,,"1970 RNil Regular Stamps with Design of Worker, Farmer, Soldier and Revolutionary Sacred Place 5c, Complete Sheet of 150¡Á7, Total 1050 pcs., VF-",,,,,,,,,
2669,,,普17邮票8分一百五十枚全张19件,,,,,,,,,,★1974年普17邮票8分“北京饭店”一百五十枚全张十九件，计二千八百五十枚，其中十六件连号，均局部有黄斑，整体上中品,,,,,,,"1974 R17 Regular Stamps with Design of Buildings in Beijing 8c, Complete Sheet of 150¡Á19, Mostly Consecutive Numbers, Total 2850 pcs., VF-",,,,,,,,,
2670,,,普21、普22邮票全张70件,,,,,,,,,,★1981年普21、普22邮票全张一组七十件，共计六千五百六十枚，包括：（1）普21邮票3分“黄果树瀑布”六十枚全张十一件，计六百六十枚；（2）普22邮票3分“黄果树瀑布”一百枚全张三十件，计三千枚；（3）普22邮票8分“万里长城”一百枚全张二十九件，计二千九百枚；部分连号，少数邮票有黄斑或泛黄，整体上中品,,,,,,,"1981 R21 and R22 Regular Stamps with Design of China Scenery 3c, 8c, Complete Sheet of 60¡Á11, Complete Sheet of 100¡Á59, Partly Consecutive Numbers, Total 6560 pcs., VF",,,,,,,,,
2672,,,普23、普25、普26邮票全张一组201件,,,,,,,,,,★1974-1990年普23、普25、普26“民居”邮票全张一组二百零一件，共计一万二千五百二十枚，包括：（1）普23邮票2分“东北民居”六十枚全张八十七件，计五千二百二十枚；（2）普23邮票3分“湖南民居”一百枚全张六件，计六百枚；（3）普23邮票4分“江苏民居”六十枚全张十五件连号，计九百枚；（4）普23邮票8分“北京民居”六十枚全张十七件，计一千零二十枚；（5）普23邮票10分“云南民居”六十枚全张三十三件，计一千九百八十枚；（6）普23邮票20分“上海民居”六十枚全张五件，计三百枚；（7）普23邮票30分“安徽民居”一百枚全张一件；（8）普23邮票40分“陕北民居”六十枚全张一件；（9）普23邮票50分“四川民居”六十枚全张十二件，计七百二十枚；（10）普23邮票1.1元“浙江民居”一百枚全张三件，计三百枚；（11）普25邮票1.6元“贵州民居”六十枚全张四件，计二百四十枚；（12）普26邮票15分“广西民居”六十枚全张七件，计四百二十枚；（13）普26邮票25分“宁夏民居”六十枚全张十一件，计六百六十枚；大部分连号，少数邮票盲齿或边纸有黄斑，个别齿孔开裂，整体上中品（无图）,,,,,,,"1974-1990 R23, R25 and R26 Stamps, 201 Complete Sheets, Total 12460 pcs., VF-F (No Photo)",,,,,,,,,
2673,,,普26邮票80分八方连,,,,,,,,,,★1990年普26邮票80分“山西民居”八方连，上排第二、三、四枚局部漏印，带右、上直角边纸及厂铭、数字铭、色标，少见，上中品,,,,,,,"1990 R26 “Folk House” 80c, Block of 8, with Margins, Printing House Inscription, Cylinder Numbers and Color Control Patch, VF-F",,,,,,,,,"500-1,000"
2674,,,普通邮票一册1550余枚,,,,,,,,,,○△1955-2002年普通邮票一册一千五百五十余枚，均为信销或盖销票，包括：普8至普27、普29、普31、普无号邮票，销各地邮政日戳，均不成套，其中含少量连票及剪片，个别带边纸，整体中上品（无图）,,,,,,,"1955-2002 Regular Stamps, more than 1570 pcs., including R8-R27, R29, R31, RNil, Cancelled by Postal Datemarks, F-VF (No Photo)",,,,,,,,,
2675,,,1950年上海寄美国航空封,,,,,,,,,, 1950年上海寄美国航空封，贴普1邮票200元、华东区中国人民解放军廿二周年纪念邮票570元、华东区第二版交通工具图邮票30元、华北区生产图邮票5000元及10000元各一枚，合国际航空邮资15800元，销上海6月15日中英文点线戳，新中国、解放区邮票混贴实寄封少见，保存完好,,,,,,,"1950 Airmail Envelope from Shanghai to U.S.A, bearing R1 Issue 200yuan, East China Region 22nd Anniv. of Chinese People's Liberation Army Issue 570yuan, 2nd Print Vehicle Design Issue 30yuan, North China Region Production Design Issue 5000yuan, 10000yuan, Cancelled by Postal Datemarks, Rare, Well Preserved",,,,,,,,,
2676,,,1953年会昌寄上海挂快封,,,,,,,,,, 1953年江西会昌寄上海挂快封，背贴普4邮票800元横三连，合国内挂快邮资2400元，销江西会昌1月3日中文点线戳，有上海1月10日到达戳，背面残留快递挂号函件执据；根据邮电部规定，国内快递于1953年1月1日起停办，或因偏远地方邮局尚未收到通知，此封仍使用挂快寄递，属国内快递较晚使用例，十分少见，保存完好,,,,,,,"1953 Registered Express Envelope from Kiangsi to Shanghai, bearing R4 Stamps 800yuan Horizontal Strip of 3 pcs., Cancelled by Postal Datemarks, Rare, Well Preserved",,,,,,,,,
2677,,,1951年上海寄美国航空封,,,,,,,,,, 1951年上海寄美国芝加哥航空封，贴普1邮票2000元二枚，航1邮票1000元、3000元、5000元各一枚，合国际航空邮资13000元，销上海（投甲）7月10日中文点线戳，经广州7月13日中转，保存完好,,,,,,,"1951 Airmail Envelope from Shanghai to Chicago, bearing R1 Stamps 2000yuan¡Á2, A1 Stamps 1000yuan, 3000yuan, 5000yuan, Cancelled by Postal Datemarks, Well Preserve",,,,,,,,,
2678,,,1957年成都寄昌都退件封,,,,,,,,,, 1957年四川成都寄西藏昌都退件封，背贴普8邮票8分一枚，销四川成都6月9日中文点线戳，有西藏昌都6月20日到达戳，信件因故无法投递作退件处理，封面另贴“中国人民解放军第七五陆军医院”6月21日退件批条，并将此信寄回原地，盖西藏昌都中藏文6月22日投递戳，有成都7月1日机盖退件到达戳，少见，保存完好,,,,,,,"1957 Returned Envelope from Szechuen to Tibet, bearing R8 “Regular Stamps with Design of Worker, Peasant and Soldier” 8c, Cancelled by Postal Datemarks, Well Preserved",,,,,,,,,"1,500-2,000"
2679,,,1954年江苏人民出版社整付零寄邮件核算邮费单,,,,,,,,,,PS 1954年江苏人民出版社整付零寄邮件核算邮费单一件，贴普5邮票10万元、普1邮票500元及5000元各一枚，合邮资105500元，销南京1月2日中文点线戳，保存较好,,,,,,,"1954 Jiangsu People’s Publishing House Postage List, bearing R5 Stamp 100000yuan, R1 Stamps 500yuan, 5000yuan, Cancelled by Postal Datemarks, Well Preserved",,,,,,,,,
2680,,,改3邮票十四枚全,,,,,,,,,,★1950年改3邮票十四枚全，绝大部分贴纸，少数边纸泛黄，整体上中品,,,,,,,"1950 SC3 Surcharged on Chinese Postal Service for Use in the Northeast Stamps (Central Print), Complete set of 14 pcs., VF-F",,,,,,,,,
2681,,,军人贴用邮票“黄军邮”,,,,,,,,,,★1953年军人贴用邮票“黄军邮”一枚，带右、上直角边纸，背面钢笔书写：“三排 46人”，微黄，局部边纸揭薄，中上品,,,,,,,"1953 Military Postage Sta-mps, yellow, with margins, F",,,,,,,,,"1,000-1,500"
2682,,,1950年六十八军寄山西军邮封,,,,,,,,,, 1950年六十八军二○二师六○六团寄山西军邮封，盖六十八军邮政局10月30日蓝色邮政日戳，旁盖红色“★军邮免费”戳，较少见,,,,,,,"1950 Western Style Envelope from 68th Army to Shanxi, Cancelled by 68th Army Post Office Blue Datemarks and “Army Mail Free” Red Chops, Rare",,,,,,,,,"2,000-3,000"
2683,,,1952年天津市公安局寄上海市公安局机密封,,,,,,,,,, 1952年天津市人民政府公安局寄上海市公安局机密封，盖中国军邮7月2日蓝色寄发戳，另盖中国军邮7月3日、红色“天津军邮分局转”中转戳，有中国军邮7月5日到达戳，属新中国早期使用机密封实例，盖“天津军邮分局转”戳寄递者少见,,,,,,,"1952 Confidential Envelope from Tientsin Public Security Bureau to Shanghai Public Security Bureau, Cancelled by China Army Postal Chops, Rare",,,,,,,,,"1,000-1,500"
2684,,,纪4原版东北贴用邮票四枚全,,,,,,,,,,★1950年纪4“中华人民共和国开国纪念”原版东北贴用邮票四枚全，均带右边纸及厂铭，上中品,,,,,,,"1950 C4 “Commemorating Inauguration of the People's Republic of China” Stamps, Complete Set of 4 pcs., with Margins and Printing House Inscription, VF-F",,,,,,,,,"5,000-8,000"
2685,,,纪4再版东北贴用邮票四枚全50套,,,,,,,,,,★1950年纪4“中华人民共和国开国纪念”再版东北贴用邮票四枚全五十套，计五十枚全张四件，均中间齿孔对折，整体上中品,,,,,,,"1950 C4 “Commemorating Inauguration of the People’s Republic of China” Reprint Stamps Used in Northeast, 4 Complete Sheets of 50 pcs., VF-F",,,,,,,,,"6,000-8,000"
2686,,,纪19邮票四枚全104套,,,,,,,,,,★1952年纪19“中国人民志愿军出国作战二周年纪念”邮票四枚全一百零四套，计一百零四枚全张四件，对折，部分边纸有损，局部齿孔开裂，整体上中品,,,,,,,"1952 C19 “Commemorating 2nd Anniversary of Chinese People’s Volunteers in Korea” Stamps, Complete Sheet of 104×4, Total 104 Sets, VF-F",,,,,,,,,"1,000-2,000"
2687,,,纪30邮票二枚全60套,,,,,,,,,,★1954年纪30“中华人民共和国宪法”邮票二枚全六十套，计六十枚全张二件，局部齿孔开裂，整体上中品,,,,,,,"1954 C30 “Constitution of the People’s Republic of China” Stamps, Complete Sheet of 60×2, Total 60 Sets, VF-F",,,,,,,,,"500-1,000"
2688,,,纪40邮票二枚全91套,,,,,,,,,,★1957年纪40“我国自制汽车出厂纪念”邮票二枚全九十一套，计九十一枚全张二件，其中一件左下角边纸齿孔开裂，整体上中品,,,,,,,"1957 C40 “Commemorating China-made Motor Truck First Put into Use” Stamps, Complete Sheet of 91×2, Total 91 Sets, VF-F",,,,,,,,,"1,000-2,000"
2689,,,纪43邮票二枚全96套,,,,,,,,,,★1957年纪43“武汉长江大桥”邮票二枚全九十六套，计九十六枚全张二件，局部齿孔开裂，整体上中品,,,,,,,"1957 C43 “Great Changjiang Bridge at Wuhan” Stamps, Complete Sheet of 96×2, Total 96 Sets, VF-F",,,,,,,,,"1,000-2,000"
2690,,,纪45邮票三枚全64套,,,,,,,,,,★1958年纪45“胜利超额完成第一个五年计划”邮票三枚全六十四套，计六十四枚全张三件，些许齿孔开裂，整体上中品,,,,,,,"1958 C45 “Victorious Over-fulfillment of 1st Five-year Plan” Stamps, Complete Sheet of 64×3, Total 64 Sets, VF-F",,,,,,,,,"500-1,000"
2691,,,纪45邮票三枚全64套,,,,,,,,,,★1958年纪45“胜利超额完成第一个五年计划”邮票三枚全六十四套，计六十四枚全张三件，些许齿孔开裂，整体上中品,,,,,,,"1958 C45 “Victorious Over-fulfillment of 1st Five-year Plan” Stamps, Complete Sheet of 64×3, Total 64 Sets, VF-F",,,,,,,,,"500-1,000"
2692,,,纪86M小全张,,,,,,,,,,M/S 1961年纪86M“第26届世界乒乓球锦标赛”小全张一枚，上中品,,,,,,,"1961 C86M “26th World Table Tennis Championships” Miniature Sheet, VF-F",,,,,,,,,"2,000-3,000"
2693,,,纪86M小全张,,,,,,,,,,M/S 1961年纪86M“第26届世界乒乓球锦标赛”小全张一枚，微有黄斑，上中品,,,,,,,"1961 C86M “26th World Table Tennis Championships” Miniature Sheet, VF-F",,,,,,,,,"1,500-2,500"
2694,,,纪94M小型张,,,,,,,,,,M/S 1962年纪94M“梅兰芳舞台艺术”小型张一枚，原胶未贴，上中品,,,,,,,"1962 C94M “Stage Art of Mei Lanfang” Souvenir Sheet, OG, UH, VF-F",,,,,,,,,"60,000-80,000"
2695,,,纪100邮票五枚全、纪121邮票四枚全,,,,,,,,,,★★1963年纪100“第一届新兴力量运动会”邮票五枚全、1966年纪121“第一届亚洲新兴力量运动会”邮票四枚全各一套，计九枚，均原胶未贴，上中品,,,,,,,"1963-1966 C100 “1st Athletic Meet of New Emerging Forces” Stamps, Complete Set of 5 pcs.; C121 “1st Sports Meet of New Emerging Forces of Asia” Stamps, Complete Set of 4 pcs., OG, UH, VF-F",,,,,,,,,"1,000-1,500"
2696,,,纪109邮票三枚全6套,,,,,,,,,,★★1965年纪109“遵义会议三十周年”邮票三枚全六套，均为连票，其中四件带边纸，一件带数字铭，原胶未贴，整体上中品,,,,,,,"1965 C109 “30th Anniv. of Zunyi Conference” Stamps Multiples, 6 Complete Sets of 3 pcs., OG, UH, VF-F",,,,,,,,,"6,000-7,000"
2697,,,纪112邮票四枚全100套,,,,,,,,,,★★1965年纪112“第28届世界兵乓球锦标赛”邮票四枚全一百套，计一百枚全张四件连号，均原胶未贴，局部齿孔开裂，整体上中品,,,,,,,"1965 C112 “28th World Table Tennis Championships” Stamps, Complete Sheet of 100×4, Total 100 Sets, OG, UH, VF-F",,,,,,,,,"1,500-2,500"
2698,,,纪116邮票十一枚全,,,,,,,,,,★★1965年纪116“中华人民共和国第二届运动会”邮票十一枚全，原胶未贴，上中品,,,,,,,"1965 C116 “2nd National Games of PRC” Stamps, Complete Set of 11 pcs., OG, UH, VF-F",,,,,,,,,"1,000-1,500"
2699,,,纪116邮票十一枚全,,,,,,,,,,★★1965年纪116“中华人民共和国第二届运动会”邮票十一枚全，原胶未贴，上中品,,,,,,,"1965 C116 “2nd National Games of PRC” Stamps, Complete Set of 11 pcs., OG, UH, VF-F",,,,,,,,,"1,000-1,500"
2700,,,特4原版邮票四十枚全,,,,,,,,,,★1952年特4“广播体操”原版邮票四十枚全，整体中上品,,,,,,,"S4 “Chrysanthemums” Unused and Used Stamps, Total 40 pcs., F-VF",,,,,,,,,"500-1,000"
2701,,,特4“广播体操”原版邮票四十枚全,,,,,,,,,,○1952年特4“广播体操”原版邮票四十枚全，均为信销票，整体中上品,,,,,,,"S4 “Chrysanthemums” Unused and Used Stamps, Total 40 pcs., F-VF",,,,,,,,,"500-1,000"
2702,,,特4再版邮票四十枚全36套,,,,,,,,,,★1955年特4“体操”再版邮票四十枚全三十六套，计一百四十四枚全张十件，均对折，些许齿孔开裂，整体上中品,,,,,,,"1955 S4 “Gymnastics by Radio” Reprint Stamps, Complete Sheet of 144×10, Total 36 Sets, VF-F",,,,,,,,,"6,000-8,000"
2703,,,特8邮票八枚全108套,,,,,,,,,,★1954年特8“经济建设”邮票八枚全一百零八套，计一百零八枚全张八件，部分边纸有损，局部齿孔开裂，整体上中品,,,,,,,"1954 S8 “Economic Construction” Stamps, Complete Sheet of 108×8, Total 108 Sets, VF-F",,,,,,,,,"1,000-2,000"
2704,,,特11邮票二枚全192套,,,,,,,,,,★1954年特11“技术革新”邮票二枚全一百九十二套，计九十六枚全张四件，局部边纸轻折，整体上中品,,,,,,,"1954 S11 “Technical Innovation” Stamps, Complete Sheet of 96×4, Total 192 Sets, VF-F",,,,,,,,,"1,500-2,500"
2705,,,特14邮票三枚全160套,,,,,,,,,,★1956年特14“康藏、青藏公路”邮票三枚全一百六十套，计八十枚全张四件、九十一枚全张及六十九枚连票各一件，局部齿孔开裂，整体上中品,,,,,,,"1956 S14 “Xikang-Tibet and Qinghai-Tibet Highways” Stamps, Complete Sheet of 80×4, Complete Sheet of 91 pcs., Multiple of 69 pcs., Total 160 Sets, VF-F",,,,,,,,,"1,500-2,500"
2706,,,特16邮票四枚全960套,,,,,,,,,,★1956年特16“东汉画像砖”邮票四枚全九百六十套，计九十六枚全张四十件，部分边纸有损，少数票面有水渍或黄斑，整体中上品,,,,,,,"1956 S16 “Pictorial Reproductions from Bricks of East Han Dynasty” Stamps, Complete Sheet of 96×40, Total 960 Sets, VF-F",,,,,,,,,"5,000-8,000"
2707,,,特72邮票八枚全50套,,,,,,,,,,★★1966年特72“少年儿童体育运动”邮票八枚全五十套，包括五十枚全张四件、四十九枚连票二件、三十五枚方连一件、二十五枚方连二件、十四枚连票一件、单枚邮票三枚，共计四百枚，其中连票均带边纸、厂铭或版号，少数边纸微损，原胶未贴，整体上中品,,,,,,,"1966 S72 “Children's Games” Stamps, Total 50 Sets, including Complete Sheets, Multiples, Blocks, OG, UH, VF-F",,,,,,,,,"3,000-5,000"
2708,,,纪特邮票一册1200余枚,,,,,,,,,,★○1949-1952年纪特邮票一册一千二百余枚，包括：纪1至纪13、特1、特2、特4邮票，绝大部分为原版邮票，个别为再版邮票，均成套，除特4原版二套为新票外，均为信销旧票，少数带边纸，整体上中品,,,,,,,"1949-1952 Commemorative Stamps and Special Stamps, more than 1200 pcs., including C1-C13, S1, S2, S4, Cancelled by Postal Datemarks, VF-F",,,,,,,,,"30,000-35,000"
2709,,,“特”字、文革、编号、编年、JT、普通等邮票430余枚,,,,,,,,,,★○△1952-1999年“特”字、文革、编号、编年、JT、普通等邮票一组四百三十余枚，包括：（1）特3、特7、特16、特38、特40、特44、特56、特58、特59、特61、特63、特71邮票；（2）文2至文13、文19邮票；（3）编号53-56、编号57-62、编号66-77邮票；（4）J.46、J.85、J.94、J.95、J.142邮票；（5）T.28、T.33、T.40、T.44、T.45、T.65、T.71、T.74、T.75、T.77、T.87、T.88、T.98、T.113至T.116、T.126、T.132、T.135、T.149至T.151、T.153、T.158、T.161、T.162、T.166、T.168邮票；（6）1992-1、1992-7、1992-11、1993-1、1993-7、1993-11、1993-13、1993-14、1993-15、1994-1、1994-8、1994-14、1995-8、1995-9、1996-5、1996-10、1996-20、1997-4、1997-9、1998-15、1998-21、1998-22、1999-2、1999-3邮票；（7）普24邮票等；绝大部分为成套新票，少数为旧票，有重复，其中含剪片一件，品种丰富，整体上中品,,,,,,,"1952-1999, Special Stamps, W-headed Stamps, Serially Numbered Stamps, J-headed Commemorative Stamps, T-headed Special Stamps, Chronological Stamps, Regular Stamps, etc., more than 430 pcs., VF-F",,,,,,,,,
2710,,,“特”字、文革、编号、“T”字邮票63枚,,,,,,,,,,★○1960-1978年“特”字、文革、编号、“T”字邮票一组六十三枚，包括：（1）特44、特57、特61邮票各一套，均为盖销票；（2）文1、文11、文12、编号17邮票各一枚；（3）T.28邮票十枚全，整体上中品,,,,,,,"1960-1978 Special Stamps, W-headed Stamps, Serially Numbered Stamps and T-headed Special Stamps, Total 63 pcs., including S44, S57, S61, W1, W11, W12, N17, VF-F",,,,,,,,,
2711,,,1956年沈阳寄澳门戴恩荣挂号封,,,,,,,,,, 1956年沈阳寄澳门戴恩荣挂号封，贴特13邮票8分二枚、特15邮票4分一枚，合国内挂号邮资20分，销沈阳小六路（亭）7月11日邮政日戳，另贴国内挂号英文执据，背有澳门7月19日到达戳，保存较好<br>戴恩荣，孙中山女婿戴恩赛的胞弟，原籍长乐(今五华)，生于香港，美国哥伦比亚大学染料学博士，解放前夕举家移居澳门。,,,,,,,"1956 Registered Envelope from Shenyang to Macao,Well Preserved",,,,,,,,,"1,000-1,500"
2712,,,1972年上海寄西德航空封,,,,,,,,,, 1972年上海寄西德航空封，贴特72“中国人民解放军”邮票八枚全，销上海10月12日邮政日戳；1977年北京寄日本航空封二件，合计贴特13“努力完成第一个五年建设计划”邮票十八枚全（每件九枚），另贴JT、编号邮票各二枚，均销北京12月3日邮政日戳，保存完好,,,,,,,"1972-1977 Airmail Envelopes, Total 3 pcs., bearing S13 Stamps 18 Complete, S74 Stamps 8 Complete, J.23, T.10 and N74 Stamps, Well Preserved",,,,,,,,,
2713,,,文7邮票4分《清平乐·六盘山》十枚,,,,,,,,,,★★1967年文7“毛主席诗词”邮票4分《清平乐·六盘山》十枚，原胶未贴，上中品,,,,,,,"1967 W7 “Poems of Chairman Mao” Stamps 4c, Total 10 pcs., OG, UH, VF-F",,,,,,,,,"1,000-1,500"
2714,,,文7邮票10分《满江红·和郭沫若同志》十枚,,,,,,,,,,★★1967年文7“毛主席诗词”邮票10分《满江红·和郭沫若同志》十枚，原胶未贴，上中品,,,,,,,"1967 W7 “Poems of Chairman Mao” Stamps 10c, Total 10 pcs., OG, UH, VF-F",,,,,,,,,"1,000-1,500"
2715,,,1968-1971年贴文革邮票实寄封5件,,,,,,,,,, 1968-1971年贴文革邮票实寄封一组五件，分别贴文2、文5、文7、文10单枚邮票寄递，销北京、上海、山西太原、河北河间、河北南宫明化镇等地邮政日戳，其中四件有到达戳，保存较好,,,,,,,"1968-1971 Delivered Envelopes bearing W-headed Stamps, Total 6 pcs., Cancelled by Postal Datemarks, Well Preserved",,,,,,,,,"1,000-2,000"
2716,,,1970年南京寄上海平信,,,,,,,,,, 1970年南京寄上海平信，背贴文18邮票8分一枚，销“南京浦徐火车”邮局9月8日戳，有上海9月9日到达戳，“浦徐火车”邮戳较少见，保存完好,,,,,,,"1970 Chinese Style Envelope from Nanjing to Shanghai, bearing W18 “Chinese People Armed with Mao Zedong Thought is Invincible” Stamp 8c, Cancelled by Postal Datemarks, Well Preserved",,,,,,,,,
2717,,,编号6邮票8分五十枚全张,,,,,,,,,,★★1971年编号6“革命现代京剧《智取威虎山》”邮票8分“胜利会师”五十枚全张一件，带四周完整边纸及厂铭、版号、色标，上中品,,,,,,,"1971 N6 Modern Revelutionary Beijing Opera “Taking Tiger Mountain by Strategy” Stamps 8c, Complete Sheet of 50 pcs., VF-F",,,,,,,,,
2718,,,J.22邮票二枚全30套,,,,,,,,,,★★1977年J.22“伟大的领袖和导师毛泽东主席纪念堂”邮票二枚全三十套，计三十枚全张二件，原胶未贴，上中品,,,,,,,"1977 J.22 “Memorial Hall for Great Leader and Teacher Chairman Mao Zedong” Stamps, Complete Sheet of 30×2, Total 30 Sets, OG, UH, VF-F",,,,,,,,,"1,000-2,000"
2719,,,J.22邮票二枚全30套,,,,,,,,,,★★1977年J.22“伟大的领袖和导师毛泽东主席纪念堂”邮票二枚全三十套，计三十枚全张二件，原胶未贴，上中品,,,,,,,"1977 J.22 “Memorial Hall for Great Leader and Teacher Chairman Mao Zedong” Stamps, Complete Sheet of 30×2, Total 30 Sets, OG, UH, VF-F",,,,,,,,,"1,000-2,000"
2720,,,J.26邮票三枚全50套,,,,,,,,,,★★1978年J.26“向雷锋同志学习”邮票三枚全五十套，计五十枚全张三件，原胶未贴，上中品,,,,,,,"1978 J.26 “Learn from Comrade Lei Feng” Stamps, Complete Sheet of 50×3, Total 50 Sets, OG, UH, VF-F",,,,,,,,,"4,000-6,000"
2721,,,J.43邮票五十枚全张3件,,,,,,,,,,★1979年J.43“中华人民共和国第四届运动会”邮票五十枚全张三件，计一百五十枚，部分背有黄斑，中上品,,,,,,,"1979 J.43 “4th National Games of the People&apos;s Republic of China” Stamps, Complete Sheet of 50×3, F-VF",,,,,,,,,
2722,,,J.46邮票二十八枚全张,,,,,,,,,,★★1979年J.46“中华人民共和国成立三十周年（第三组）”邮票二十八枚全张，原胶未贴，上中品,,,,,,,"1979 J.46 “30th Anniversary of Founding of the People’s Republic of China(3rd Series)” Stamps, Complete Sheet of 28 pcs., OG, UH, VF-F",,,,,,,,,"1,000-2,000"
2723,,,J.58邮票四枚全50套,,,,,,,,,,★★1980年J.58“中国古代科学家（第三组）”邮票四枚全五十套，计五十枚全张四件，原胶未贴，整体上中品,,,,,,,"1980 J.58 “Scientists of Ancient China(3rd Series)” Stamps, Complete Sheet of 50×4, Total 50 Sets, OG, UH, VF-F",,,,,,,,,"15,000-20,000"
2724,,,J.73、J.76邮票二枚全各50套,,,,,,,,,,★★1981年J.73“亚洲议员人口和发展会议”、J.76“中国女排获第三届世界杯冠军”邮票二枚全各五十套，计五十枚全张四件，其中二件背有泛黄，均原胶未贴，整体上中品,,,,,,,"1981 J.73 “Asian Conference of Parliamentarians on Population and Development” Stamps, Complete Sheet of 50×2, Total 50 Sets; J.76 “Chinese Women's Team Wins 3rd World Cup of Volleyball Championship” Stamps, Complete Sheet of 50×2, Total 50 Sets, OG, UH, VF-F",,,,,,,,,"1,000-1,500"
2725,,,J.73、J.76邮票二枚全各50套,,,,,,,,,,★★1981年J.73“亚洲议员人口和发展会议”、J.76“中国女排获第三届世界杯冠军”邮票二枚全各五十套，计五十枚全张四件，部分背有污渍或泛黄，均原胶未贴，整体上中品（无图）,,,,,,,"1981 J.73 “Asian Conference of Parliamentarians on Population and Development” Stamps, Complete Sheet of 50×2, Total 50 Sets; J.76 “Chinese Women's Team Wins 3rd World Cup of Volleyball Championship” Stamps, Complete Sheet of 50×2, Total 50 Sets, OG, UH, VF-F (No Photo)",,,,,,,,,"1,000-1,500"
2726,,,J.92邮票四枚全80套,,,,,,,,,,★★1983年J.92“中国古代文学家（第一组）”邮票四枚全八十套，计十六枚全张二十件，部分连号，整体上中品,,,,,,,"1983 J.92 “Literators of Ancient China(1st Series)” Stamps, Complete Sheet of 16×20, Total 80 Sets, Partly Consecutive Numbers, VF-F",,,,,,,,,"3,000-4,000"
2727,,,J.136邮票三枚全60套,,,,,,,,,,★★1987年J.136“明代地理学家、旅行家徐霞客诞生四百周年”邮票三枚全六十套，计三十枚全张六件，均原胶未贴，整体上中品,,,,,,,"1987 J.136 “400th Anniversary of Birth of Xu Xiake, Geographer and Tourist of Ming Dynasty” Stamps, Complete Sheet of 30×6, Total 60 Sets, OG, UH, VF-F",,,,,,,,,"2,000-3,000"
2728,,,J.141邮票一枚全五十枚全张,,,,,,,,,,★1987年J.141“国际住房年”邮票一枚全五十枚全张，左上角五枚有一道斜向折白，少见，上中品,,,,,,,"1987 J.141 “International Year of Shelter for Homeless” Stamps, Complete Sheet of 50 pcs., VF-F",,,,,,,,,"500-1,000"
2729,,,T.46邮票,,,,,,,,,,○1980年T.46“庚申年猴”邮票一枚，左下角销极小局部邮政日戳，品相为旧票之佼佼者，上中品,,,,,,,"1980 T.46 “Gengshen Year (Year of the Monkey) ”Stamp, Cancelled by Postal Datemark, VF-F",,,,,,,,,
2730,,,第一轮生肖邮票十二枚全,,,,,,,,,,★○1980-1991年第一轮生肖邮票十二枚全，其中T.46“庚申年猴”为旧票，其余均为新票，整体上中品,,,,,,,"1980-1991 1st Print Animal of the Year Stamps, Complete Set of 12 pcs., mostly Unused, VF-F",,,,,,,,,
2731,,,第一轮生肖邮票十二枚全,,,,,,,,,,★★1980年第一轮生肖邮票十二枚全，其中T.46“庚申年猴”一枚轻微软折，原胶未贴，上中品,,,,,,,"1980-1991 1st Print Animal of the Year Stamps, Complete Set of 12 pcs., OG, UH, VF-F",,,,,,,,,"6,000-8,000"
2732,,,第一轮生肖邮票十二枚全,,,,,,,,,,★★1980-1991年第一轮生肖邮票十二枚全，原胶未贴，上中品,,,,,,,"1980-1991 1st Print Animal of the Year Stamps, Complete Set of 12 pcs., OG, UH, VF-F",,,,,,,,,"9,000-10,000"
2733,,,第一轮生肖邮票八十枚全张12件,,,,,,,,,,★★1980-1991年第一轮生肖邮票八十枚全张十二件，其中T.90“甲子年鼠”为四十枚方连二件；T.46“庚申年猴”平版带完整边纸，色彩鲜艳，金粉亮丽，原胶未贴，上中品,,,,,,,"1980-1991 1st Print Animal of the Year Stamps, Complete Sheet of 80¡Á12, OG, UH, VF-",,,,,,,,,"1,000,000-1,200,000"
2734,,,T.46邮票黑色雕刻师印样,,,,,,,,,,S 1980年T.46“庚申年猴”邮票黑色雕刻师印样一件，印于白色卡纸之上，编号084，雕刻者姜伟杰亲笔签名并钤印，上中品,,,,,,,"1980 T.46 “Gengshen year (Year of the Monkey)” Stamp Black Engraving Proof, No.084, with Signature and Seal of Engraver Jiang Weijie, VF-F",,,,,,,,,"3,000-4,000"
2735,,,T.69邮票双数组六枚全49套,,,,,,,,,,★★1982年T.69“红楼梦—金陵十二钗”邮票双数组六枚全四十九套，计四十九枚全张六件，原胶未贴，上中品,,,,,,,"1982 T.69 “Twelve Beauties of Jinling from A Dream of Red Mansions” Stamps 4c, 8c, 8c, 10c, 30c, 80c, Complete Sheet of 49×6, Total 294 pcs., OG, UH, VF-F",,,,,,,,,"3,000-5,000"
2736,,,JT、编年邮票小型张、小全张等18件,,,,,,,,,,M/S FDC 1978-1997年JT、编年邮票小型张、小全张等一组十八件，包括：（1）J.150M邮票小型张、J.172M邮票小全张各一枚；（2）T.28M、T.44M、T.74M、T.88M、T.106M、T.116M、T.122M、T.135M、T.151M、T.162M邮票小型张各一枚；（3）1992-11M、1993-7M、1993-13M、1996-20M、1997-13M编年邮票小型张各一枚；（4）T.89M邮票小型张首日封一件，整体上中品,,,,,,,"1978-1997 Souvenir Sheets and Miniature Sheets, Total 18 pcs., including J.172M, T.28M, T.44M, T.74M, T.88M, T.106M, T.116M, T.122M, T.135M, T.150, T.151M, T.162M, 1993-7, 1992-11, 1996-20, 1993-13, 1997-13, T.89, VF-F",,,,,,,,,
2737,,,JT、编号、文革邮票及邮折34件,,,,,,,,,,★○1969-1987年JT、编号、文革邮票及邮折一组三十四件，包括：（1）J.25M邮票小全张一枚；T.37M、T.38M邮票小型张各一枚，均盖首日戳；（2）编1-6邮票六枚全、编33-38邮票六枚全、文14邮票五枚；（3）J.51、J.54、J.62、J.63、J.71、J.84、J.138、T.28、T.45、T.51、T.63邮折各一件；（4）“庆祝中华人民共和国成立三十周年纪念”邮折一件，内贴J.44、J.45、J.45M、J.46、J.47、J.48邮票各一套，T.150邮折二件；少部分邮票背有黄斑，整体上中品,,,,,,,"1969-1987 J-headed Comme- morative Stamps, T-headed Special Stamps, W-headed Stamps and Post Folders, Total 34 pcs., including J.25M, T.38M, T.37M, N1-6, N33-38, W14, J.51, J.54, J.62, J.63, J.71, J.84, J.138, T.28, T.45, T.51, T.63, etc., VF-F",,,,,,,,,
2738,,,T.37M、T.82M、T.88M、T.89M邮票小型张各一枚,,,,,,,,,,M/S 1979-1984年T.37M、T.82M、T.88M、T.89M邮票小型张各一枚，计四枚，均原胶未贴，上中品,,,,,,,"1979-1984 T.37M, T.82M, T.88M and T.89M Souvenir Sheets, Total 4 pcs., OG, UH, VF-F",,,,,,,,,"2,000-3,000"
2739,,,T.102邮票八十枚全张10件,,,,,,,,,,★★1985年T.102“乙丑年牛”邮票八十枚全张十件，均原胶未贴，局部边纸泛黄，整体上中品,,,,,,,"1985 T.102 “Yichou Year” Stamps, Complete Sheet of 80×10, Total 800 Sets, OG, UH, VF-F",,,,,,,,,"3,000-4,000"
2740,,,T.106M小型张一百枚整封,,,,,,,,,,M/S 1985年T.106M“熊猫”小型张一百枚整封，未开封，上中品,,,,,,,"1985 T.106M “Giant Panda” Souvenir Sheets, Total 100 pcs., Whole Package, VF-F",,,,,,,,,"1,000-2,000"
2741,,,T.107邮票八十枚全张10件,,,,,,,,,,★★1986年T.107“丙寅年虎”邮票八十枚全张十件，均原胶未贴，整体上中品,,,,,,,"1986 T.107 “Bingyin Year” Stamps, Complete Sheet of 80×10, Total 800 Sets, OG, UH, VF-F",,,,,,,,,"2,500-3,500"
2742,,,T.124邮票八十枚全张4件,,,,,,,,,,★★1988年T.124“戊辰年龙”邮票八十枚全张四件，均原胶未贴，整体上中品,,,,,,,"1988 T.124 “Wuchen Year” Stamps, Complete Sheet of 80×4, Total 320 Sets, OG, UH, VF-F",,,,,,,,,"2,000-3,000"
2743,,,T.146邮票八十枚全张10件,,,,,,,,,,★★1990年T.146“庚午年马”邮票八十枚全张十件，均原胶未贴，整体上中品,,,,,,,"1990 T.146 “Gengwu Year” Stamps, Complete Sheet of 80×10, Total 800 Sets, OG, UH, VF-F",,,,,,,,,"3,000-5,000"
2744,,,T.151M小型张一百枚整封,,,,,,,,,,M/S 1990年T.151M“秦始皇陵铜车马”小型张一百枚整封，未开封，上中品,,,,,,,"1990 T.151M “Bronze Chariots Unearthed from Mausoleum of Emperor Qin Shi Huang” Souvenir Sheets, Total 100 pcs., Whole Package, VF-F",,,,,,,,,"500-1,000"
2745,,,T.162M小型张一百枚整封,,,,,,,,,,M/S 1991年T.162M“杜鹃花”小型张一百枚整封，未开封，上中品,,,,,,,"1991 T.162M “Rhododendrons of China” Souvenir Sheets, Total 100 pcs., Whole Package, VF-F",,,,,,,,,"500-1,500"
2746,,,T.164M小型张一百枚整封,,,,,,,,,,M/S 1991年T.164M“承德避暑山庄”小型张一百枚整封，未开封，上中品,,,,,,,"1991 T.164M “Imperial Summer Resort” Souvenir Sheets, Total 100 pcs., Whole Package, VF-F",,,,,,,,,"500-1,000"
2747,,,“特”字、编号、编年、JT、普通、军用邮票等一册310余枚,,,,,,,,,,★○FDC 1964-1997年“特”字、编号、编年、JT、普通、军用邮票等一册三百一十余枚，包括：（1）贴特69邮票首日封二件；（2）编号66-71、73-77邮票十一枚；（3）1995年“邮票钱币博览会”邮折二件，内均有1995-6邮票四枚全，有齿、无齿小全张各一枚，特制纪念张二枚；（4）JT邮票二十余种，小型张一枚；（5）编年邮票十套，小型张六枚；（6）1995年“义务兵贴用”邮票20分二十五枚方连一件；（7）1994年最佳邮票评选纪念张六枚；（8）1996年亚特兰大奥运会纪念邮票二十枚小版张等，大部分为成套新票，整体上中品,,,,,,,"1964-1997 J-headed Commemorative Stamps, T-headed Special Stamps, Serially Numbered Stamps, etc., more than 310 pcs., VF-F",,,,,,,,,
2748,,,JT邮票大全二册,,,,,,,,,,COL 1983-1991年JT邮票大全二册，含小型张，分别置于北方集邮公司定位册中，部分邮票泛黄，上中品（无图）,,,,,,,"1983-1991 A Complete Set of J-headed Commemorative Stamps, T-headed Special Stamps and Souvenir Sheets, VF-F (No Photo)",,,,,,,,,"2,000-4,000"
2749,,,编年邮票小型张、小全张四种四包,,,,,,,,,,M/S 1993-1995年编年邮票小型张、小全张四种四包，分别为：1993-17M“毛泽东同志诞生一百周年”小型张六十二枚；1994-18M“长江三峡”小型张七十枚；1994-21M“中国古塔”小全张六十五枚；1995-12M“太湖”小型张四十六枚，共计二百四十三枚，均已开封，上中品,,,,,,,"1993-1995 Souvenir Sheets and Miniature Sheets, including 1993-17J 62 pcs., 1994-18T 70 pcs., 1994-21T 65 pcs., 1995-12T 46 pcs., VF-F",,,,,,,,,
2750,,,1999-7M小型张一百枚整封,,,,,,,,,,M/S 1999-7M“中国1999世界集邮展览”小型张一百枚整封，未开封，上中品,,,,,,,"1999-7M “China’99, World Philatelic Exhibition” Souvenir Sheets, Total 100 pcs., Whole Package, VF-F",,,,,,,,,"500-1,000"
2751,,,2004-26M邮票小全张,,,,,,,,,,M/S 2004-26M“清明上河图”邮票小全张一件，未打齿孔并漏印版号，极少见，上中品,,,,,,,"2004-26M “Festival of Pure Brightness on the River” Imper. Miniature Sheet, Unissued, Extremely Rare, VF-F",,,,,,,,,
2752,,,SB3“辛酉年”小本票2册,,,,,,,,,,SB 1981年SB3“辛酉年”小本票二册，上中品,,,,,,,"1981 SB3 “Xinyou Year(Year of the Cock)” Booklet 2 pieces, VF-F",,,,,,,,,"1,000-2,000"
2753,,,1950年上海寄成都中式封,,,,,,,,,, 1950年上海寄成都中式封，销上海2月23日“华东邮政 沪（四） 800元 邮资已付”飞雁图邮资机戳，合国内平信邮资，旁盖上海同日寄发邮政日戳，背有四川成都3月19日到达戳，局部虫蛀破损，盖此邮资机戳国内邮件少见,,,,,,,"1950 Chinese Style Envelope from Shanghai to Chengdu, Cancelled by East China Postal Service Wild Goose Design Postage Meter and Postal Datemarks",,,,,,,,,"4,000-5,000"
2754,,,1951年上海寄杭州电报挂号封,,,,,,,,,, 1951年上海寄杭州电报挂号封，销上海7月30日“中国人民邮政 沪（四） 800元邮资已付”邮资机戳，合国内平信邮资，旁盖上海同日投递戳，背有浙江杭州7月31日到达戳，邮局另盖“反对美帝侵略朝鲜 踊跃捐献飞机大炮”宣传章，保存完好,,,,,,,"1951 Telegraphic Registration Envelope from Shanghai to Hangzhou, Cancelled by “Chinese People’s Post Shanghai (4) 800yuan Postage Paid” Chop and Postal Datemarks, Well Preserved",,,,,,,,,"2,000-3,000"
2755,,,1951年上海寄本埠孙中山像国际邮资明信片改作“挂号邮件回执”2件,,,,,,,,,,PS 1951年上海寄本埠孙中山像国际邮资明信片改作“挂号邮件回执”二件，分别为：（1）4分国际邮资片改作“挂号邮件回执”，销上海8月28日邮政日戳，有8月30日到达戳；（2）4分加盖“暂售叁圆”国际邮资片改作“挂号邮件回执”，销上海7月26日邮政日戳，有上海石门二路7月28日到达戳，另盖上海裕泰百货商店发票专用章，均少见，保存完好,,,,,,,"1951 Dr. Sun Yat-sen International Postage Postcards Surcharged as Registered Mail Receipts, Total 2 pcs., Cancelled by Postal Datemarks, Well Preserved",,,,,,,,,"1,000-2,000"
2756,,,1951年孙中山像邮资明信片改作“挂号邮件回执”,,,,,,,,,,PS 1951年孙中山像邮资明信片改作“挂号邮件回执”一件，加盖于1933-1934年财政部印刷局印制孙中山像2.5分未采用邮资明信片之上，背盖湖南长沙3月23日中文点线日戳，正面盖有紫色“运输局收发章”；此片系财政部印刷局试印样品，因孙像邮资图模板审定未通过而未正式印行，印量甚少，存世极为罕见；2014年5月北京拍卖会，一件未加盖原片，以人民币21.85万元成交；此片虽加盖“挂号邮件回执”，但迄今所见仅寥寥数件，屈指可数；此片现存者几乎都打有存档圆孔，或票面有不同程度破损，拍品纸面整洁，色彩饱满，保存完好无损，极为珍罕；附1935年第一版孙中山像普通邮资明信片改作“挂号邮件回执”一件，保存完好<br>据台湾著名集邮家何辉庆博士考证，1931年，中华邮政总局发行了以孙中山像为图案的普通邮票，次年筹备设计孙中山像普通邮资明信片，请财政部印刷局刻制邮资图印模。1932年12月30日，经交通部核定，以孙中山像5分普通邮票版为模版，改制新明信片票版。<br>财政部印刷局依照明信片票版大小，镌刻印模一方，试印之后，邮政总局认为该版模上所刻孙中山像“面部刻纹粗植，以致印像模糊不清，而且二分五厘各字也欠明晰，难以使用”，复请印刷局加以修改。而后，印刷局连续修改三次，感觉“其字迹花纹均已完善”，但邮政总局仍认为，虽字迹花纹有所改善，但孙中山像仍稍欠清晰。几经修改，又一次将样本送交通部鉴核以后，1933年5月29日，邮政总局在致财政部印制局函中写道：孙中山像模“样本不甚逼肖，而面部额上及两颧之点线与空白部分之衬托点线，亦均嫌太粗，实不雅观，如试将此等点线铲去印出，或可较好”，坚请财政部印刷局继续修改。又经过3个月的修改和重新刻制，于8月18日函复总局曰：“除甲种系就原模修改者外，乙、丙两种系新刻，均较甲种为佳”。遂将三个方案送交通部鉴核。<br>1934年1月12日，交通部指令邮政总局：“丙种比较乙种清晰，但仍未臻美善。明信片印法虽与邮票有所不同，为求精美起见，总以力求清晰为主”，“照丙种尽力改善，再行印刷样本审核”。1934年5月17日，邮政总局就钢模问题再报交通部称：孙中山像“邮票钢版、送经印刷局修改镌制，已经一年。丙种钢版，实为最佳，要再求精美，不是该局所能办到。而且丙种钢版，因质料坚硬，不易修改，也是实情。为使孙中山像明信片早日发行，请即照丙种制版印片。”<br>1934年5月24日，交通部下令，以丙种钢版作为正式印模，交付印刷，即1935年5月1日发行之第一版孙中山像邮资明信片。而在此之前使用未采用印模印制的极少数成片样品，则在1949-1951年间，与其他遗留下来的孙中山像各版明信片一起，被各地邮局注销另作他用，少数地区或将它们加盖改作挂号回执使用，存世屈指可数。,,,,,,,"1951 Dr. Sun Yat-sen Unissued Postage 2.5c Postcard Surcharged as Registered Mail Receipt, Cancelled by Postal Datemarks, Extremely Rare, Well Preserved, with 1935 1st Print Dr. Sun Yat-sen Postage Postcard Surcharged as Registered Mail Receipt",,,,,,,,,"68,000-80,000"
2757,*,,1990年中银错片,,,,,,,,,,PS 1990年JP.22“香港中银大厦落成纪念”明信片(中银错片)一件，上品,,,,,,,"1990 JP.22 Postcard “Commemorating the Complition of Hongkong Bank of China Tower”, Unused, VF",,,,,,,,,"1,800-2,500"
2758,,,2005年中国电影诞生100周年纪念错版张七枚,,,,,,,,,,M/S 2005年中国集邮总公司印发中国电影诞生100周年剧照纪念张七枚，左上角年份“2005”年错印成“20005”年，未回收流出者少见，上中品<br>此套纪念张是中国集邮总公司为纪念中国电影诞生100周年而专门印制发行的，全套十六枚。此七枚纪念张分别印制章子怡与杨紫琼《卧虎藏龙》、巩俐《漂亮妈妈》、赵薇《绿茶》、徐静蕾《我和爸爸》、陈冲《茉莉花开》、张柏芝《老鼠爱上猫》影片的经典剧照，由于设计典雅大方，印制精美，深受广大集邮者及影迷的喜爱。纪念张于2005年底发行后，即发现年份书写有重大失误，左上角2005年错印成20005年。中国集邮总公司遂令停止发行，并从全国各地紧急回收，全部作销毁处理。尽管如此，仍有极少部分流出，成为收藏者及影迷竞相收藏的对象。,,,,,,,"2005 “Centenary of the Chinese Cinema” Commemorative Sheets, Print Error “20005”, Total 7 pcs., Rare, VF-F",,,,,,,,,
2759,,,文革时期毛泽东像邮政明信片20枚全套,,,,,,,,,,PPC 文革时期邮电部发行毛泽东像黑白摄影版邮政明信片二十枚全套，均未使用，保存完好,,,,,,,"Cultural Revolution Period, Mao Zedong Black and White Photography Print Postcards, Complete Set of 20 pcs., Well Preserved",,,,,,,,,
2760,,,1982-1983年贴JT邮票挂号实寄封9件,,,,,,,,,,FDC 1982-1983年贴JT邮票挂号实寄封一组九件，分别贴T.72及T.72M、T.74及T.74M、T.79M、T.80、T.88M（小本票内芯）、T.89M邮票寄递，其中含首日封七件，均保存完好,,,,,,,"1982-1983 Registered Airmail Envelopes and First Day Envelopes bearing J-headed Commemorative Stamps and T-headed Special Stamps, Total 9 pcs., Well Preserved",,,,,,,,,
2761,,,1972-1975年贴编号邮票等实寄封270余件,,,,,,,,,, 1972-1975年贴编号邮票等实寄封一组二百七十余件，分别贴编1至10、编12至16、编18至20、编22至24、编26至32、编34至36、编38至47、编49、编51、编52、编54、编55、编57至61、编64、编65、编67至70、编72、编75、编78、编84至93、编95邮票；普12、普13、普14、普21邮票寄递，部分为挂号、航空信函，少数附原信，略加补充，即可组成编号邮票实寄封大全集，整体保存较好,,,,,,,"1972-1975 Delivered Envelopes bearing Serially Numbered Stamps, more than 270 pcs., Well Preserved",,,,,,,,,
2762,,,1985-1997年国内互寄实寄封、明信片1250余件,,,,,,,,,, 1985-1997年国内互寄实寄封、明信片一组一千二百五十余件，包括平信、纪念封、航空封、挂号封、改退封等，分别贴JT邮票、编年邮票、普通邮票寄递，部分附原信函，有少数首日封或未实寄封，多品种集藏较为难得，整体保存良好（无图）,,,,,,,"1985-1997 Delivered Envelopes more than 1250 pcs., Well Preserved (No Photo)",,,,,,,,,
2763,,,奥运会签名纪念封、明信片3件,,,,,,,,,,PPC 1988年中国参加第二十四届奥运会著名运动员签名纪念封二件；1992年第二十五届奥运会中国著名运动员签名明信片一件，封片上分别有伏明霞、李小双、王义夫、孙淑伟、王涛、钱红、张山、许艳梅、陈静、高敏、陈龙灿、乔红、林丹、庄泳等二十三人的亲笔签名，均保存完好,,,,,,,"1988-1992 Commemorative Envelopes and Postcard Autographed by Winning Athletes of 24th and 25th Olympic Games, Total 3 pcs., Well Preserved",,,,,,,,,"1,500-2,000"
2764,,,奥运百年签名首日封35件,,,,,,,,,,FDC 1996年《奥运百年暨第二十六届奥运会》签名首日封一组三十五件，封上分别有中国著名运动员孔令辉、刘国梁、许海峰、占旭刚、李对红、李小双、郭晶晶、伏明霞、田亮、莫慧兰等四百三十余人的亲笔签名，同时包括张健、阎世铎、宋世雄、黄健翔、高志丹等奥运会运动队领队、教练、官员、随团解说员等的亲笔签名，阵容极为庞大，体系完整，十分难得，均保存完好,,,,,,,"1996 First Day and Maximum Autographed Envelopes of 26th Olympic Games, Total 35 pcs., Well Preserved",,,,,,,,,"4,000-6,000"
2765,,,第27届奥运会签名邮资明信片28枚全套,,,,,,,,,,PS 2000年《第27届奥运会中国运动员勇夺金牌纪念》签名专题邮资明信片二十八枚全套，片上分别有伏明霞、龚智超、王励勤、李小鹏、王楠、李菊、孔令辉、熊倪、肖海亮、占旭刚、陶璐娜、陈晓敏、刘璇、李娜、田亮、杨威、邢傲伟等三十四位金牌得主的亲笔签名，保存完好,,,,,,,"2000 Autographed Postage Postcards of Chinese Gold Medalist in the 27th Olympic Games, Total 28 pcs., Well Preserved",,,,,,,,,"1,500-2,500"
2766,,,奥运会签名首日封、邮资明信片21件,,,,,,,,,,FDC 2008年《奥运会从北京到伦敦（中国——英国联合发行）》签名首日封十五件、《第29届奥林匹克运动会吉祥物》签名邮资明信片六件，计二十一件，封上分别有张小平、郭文珺、何雯娜、殷剑、吴静钰、陆春龙、郭晶晶、杨威等数十位获奖运动员亲笔签名，保存完好,,,,,,,"2008 First Day and Maximum Autographed Envelopes of The Olympic Games are from Beijing to London, 15 pcs.; Autographed Postage Postcard of 29th Olympic Games Mascot, 6 pcs., Well Preserved",,,,,,,,,"4,000-6,000"
2767,,,中国邮票设计者签名封、明信片等100件,,,,,,,,,,PS 1982-2015年中国邮票设计者签名封、明信片等一组一百件，主要包括中国集邮总公司、各省市分公司、邮电部、国家邮政局发行首日封及邮资封，另有拜年封、丝绸封、镶嵌封、手绘及剪纸封等，封片上分别有万维生、姜伟杰、邹建军、吴建坤、张国藩、李印清等邮票设计者亲笔签名，保存完好，多品种集藏较为难得,,,,,,,"1982-2015 Autographed Envelopes and Postcards of Chinese Stamps Designers, Total 100 pcs., Well Preserved",,,,,,,,,"8,000-10,000"
2768,,,《岳传》香烟画片样张36枚全套,,,,,,,,,,民国时期《岳传》大型彩色香烟画片样张三十六枚全套，尺寸：7×22厘米，装帧于二十页白色卡纸之上，每页嵌香烟画片二张，面有编号，背有剧情，首尾页各有剪纸画一页，保存完好,,,,,,,"ROC, Yue Fei Cigarette Picture Cards Specimen, Complete Set of 36 pcs., Size: 7¡Á22cm, Well Preserve",,,,,,,,,"5,000-6,000"
2769,,,1939年太原群众欢送国军北上抗日新闻照片,,,,,,,,,,P 1939年5月1日，太原群众在火车站欢送国军第七十九旅官兵北上抗日黑白新闻照片一张，尺寸：21.6×28.9厘米，中央社摄制，是抗战时期珍贵的历史影像，银盐纸基，保存较好,,,,,,,"1939 Black and White Photo of Taiyuan People Sending 79th Brigade Officers and Soldiers off to Proceed Northward to Resist Japan, Size: 21.6¡Á28.9cm, Well Preserve",,,,,,,,,"1,000-1,500"
2770,,,1940年代中国远征军新闻照片2张,,,,,,,,,,P 1940年代中国驻印军新一军与中国远征军士兵合影、中国远征军士兵行军新闻照片各一张，尺寸：24.4×19.7厘米、24.6×19.4厘米，中国信息部旧存，均未发表，是抗日战争时期中国入缅对日作战部队极为珍贵的历史影像，少见，保存完好,,,,,,,"1940 Photos of China Expeditionary Force, Size: 24.4¡Á19.7cm, 24.6¡Á19.4cm, Total 2 pcs., Well Preserv",,,,,,,,,"1,000-1,500"
2771,,,驻美国大使魏道明新闻照片,,,,,,,,,,P 1942-1945年驻美国大使魏道明黑白新闻照片一张，尺寸：25.3×20.7厘米，摄于美国，少见，保存完好<br>魏道明（1901～1978），字伯聪，江西德化县(今九江)人，中国国民党政治人物。1927年后历任国民政府司法部次长、代理部长、司法行政部部长。1930年任南京特别市市长，1935年任《时事新报》、《大陆报》、《大晚报》总经理。抗日战争爆发后，任行政院秘书长。1941年出任驻法国大使，1942年调任驻美国大使。抗日战争胜利后，先后任国民政府立法院副院长、台湾省政府首任主席。1966年任“外交部”部长。1978年5月18日在台北病逝。,,,,,,,"1942-1945 Black and White News Photo of Ambassador to the United States Wei Daoming, Size: 25.3¡Á20.7cm, Well Preserve",,,,,,,,,"1,000-1,500"
2772,,,1943年宋美龄访美新闻照片,,,,,,,,,,P 1943年2月宋美龄访美期间黑白新闻照片一张，尺寸：24×19厘米，照片中宋美龄面露笑容，闲坐在白宫草坪的椅子上，一袭黑色旗袍雍容端庄，胸前一枚国民党空军识别证章尤为醒目，此照是宋美龄访美期间极为珍贵的影像资料，华盛顿HESSLER STUUIO摄影工作室摄制，少见，保存完好,,,,,,,"1943 Black and White Photos of Song Meiling's Visit to the United States, Size: 24.1¡Á19.2cm, Well Preserve",,,,,,,,,"1,000-1,500"
2773,,,1932年国民政府财政部浙江沙田局执照等三件,,,,,,,,,,1932年国民政府财政部浙江沙田局执照、登记证书、分户地籍图各一件，其中二件贴有印花税票，保存较好,,,,,,,"1932 License, Registration Certificate and Household Cadastral Map of Chekiang Sha Tin Bureau, Two of them bearing Revenue Stamps, Well Preserved",,,,,,,,,"2,000-3,000"
2774,,,《近代邮刊》三十九期,,,,,,,,,,L 1946-1951年钟笑炉主编《近代邮刊》三十九期，均保存完整,,,,,,,"1946-1951 Modern Philatelic Monthly, Edited by Zhong Xiaolu, Total 39 Issues, Well Preserved",,,,,,,,,"1,800-2,500"
